solid Created by Gmsh
facet normal 0 -1 0
  outer loop
    vertex 0.07375000000000001 0 0.2869
    vertex 0.04666666666679679 0 0.3
    vertex 0.06625 0 0.2869
  endloop
endfacet
facet normal 0 -1 0
  outer loop
    vertex 0.09333333333320473 0 0
    vertex 0.07375000000000001 0 0.0131
    vertex 0.06625 0 0.0131
  endloop
endfacet
facet normal 0 -1 0
  outer loop
    vertex 0 0 0
    vertex 0.03312500000009622 0 0.0131
    vertex 0 0 0.0131
  endloop
endfacet
facet normal 0 -1 -0
  outer loop
    vertex 0.03312500000009622 0 0.0131
    vertex 0 0 0
    vertex 0.04666666666655089 0 0
  endloop
endfacet
facet normal 0 -1 0
  outer loop
    vertex 0.14 0 0
    vertex 0.14 0 0.0131
    vertex 0.1068750000000894 0 0.0131
  endloop
endfacet
facet normal 0 -1 0
  outer loop
    vertex 0.09333333333320473 0 0
    vertex 0.14 0 0
    vertex 0.1068750000000894 0 0.0131
  endloop
endfacet
facet normal 0 -1 0
  outer loop
    vertex 0.07375000000000001 0 0.0131
    vertex 0.07375000000000001 0 0.05873333333323927
    vertex 0.06625 0 0.0131
  endloop
endfacet
facet normal 0 -1 0
  outer loop
    vertex 0.07375000000000001 0 0.0131
    vertex 0.09333333333320473 0 0
    vertex 0.1068750000000894 0 0.0131
  endloop
endfacet
facet normal 0 -1 0
  outer loop
    vertex 0.06625 0 0.2412666666667787
    vertex 0.07375000000000001 0 0.2869
    vertex 0.06625 0 0.2869
  endloop
endfacet
facet normal 0 -1 0
  outer loop
    vertex 0.07375000000000001 0 0.2412666666665694
    vertex 0.07375000000000001 0 0.2869
    vertex 0.06625 0 0.2412666666667787
  endloop
endfacet
facet normal 0 -1 -0
  outer loop
    vertex 0.09333333333344901 0 0.3
    vertex 0.07375000000000001 0 0.2869
    vertex 0.1068749999998971 0 0.2869
  endloop
endfacet
facet normal 0 -1 0
  outer loop
    vertex 0.07375000000000001 0 0.2869
    vertex 0.09333333333344901 0 0.3
    vertex 0.04666666666679679 0 0.3
  endloop
endfacet
facet normal 0 -1 0
  outer loop
    vertex 0.1068749999998971 0 0.2869
    vertex 0.14 0 0.2869
    vertex 0.14 0 0.3
  endloop
endfacet
facet normal 0 -1 0
  outer loop
    vertex 0.09333333333344901 0 0.3
    vertex 0.1068749999998971 0 0.2869
    vertex 0.14 0 0.3
  endloop
endfacet
facet normal 0 -1 0
  outer loop
    vertex 0.03312499999990979 0 0.2869
    vertex 0 0 0.3
    vertex 0 0 0.2869
  endloop
endfacet
facet normal 0 -1 0
  outer loop
    vertex 0.03312499999990979 0 0.2869
    vertex 0.04666666666679679 0 0.3
    vertex 0 0 0.3
  endloop
endfacet
facet normal 0 -1 -0
  outer loop
    vertex 0.04666666666679679 0 0.3
    vertex 0.03312499999990979 0 0.2869
    vertex 0.06625 0 0.2869
  endloop
endfacet
facet normal 0 -1 0
  outer loop
    vertex 0.04666666666655089 0 0
    vertex 0.09333333333320473 0 0
    vertex 0.06625 0 0.0131
  endloop
endfacet
facet normal 0 -1 0
  outer loop
    vertex 0.03312500000009622 0 0.0131
    vertex 0.04666666666655089 0 0
    vertex 0.06625 0 0.0131
  endloop
endfacet
facet normal 0 -1 0
  outer loop
    vertex 0.06625 0 0.0131
    vertex 0.07375000000000001 0 0.05873333333323927
    vertex 0.06625 0 0.05873333333343647
  endloop
endfacet
facet normal 0 -1 0
  outer loop
    vertex 0.07375000000000001 0 0.05873333333323927
    vertex 0.07375000000000001 0 0.1043666666664493
    vertex 0.06625 0 0.05873333333343647
  endloop
endfacet
facet normal 0 -1 0
  outer loop
    vertex 0.07375000000000001 0 0.1043666666664493
    vertex 0.07375000000000001 0 0.149999999999654
    vertex 0.06625 0 0.1043666666669109
  endloop
endfacet
facet normal -0 -1 0
  outer loop
    vertex 0.07375000000000001 0 0.1043666666664493
    vertex 0.06625 0 0.1043666666669109
    vertex 0.06625 0 0.05873333333343647
  endloop
endfacet
facet normal 0 -1 0
  outer loop
    vertex 0.07375000000000001 0 0.149999999999654
    vertex 0.07375000000000001 0 0.1956333333331007
    vertex 0.06625 0 0.1500000000003633
  endloop
endfacet
facet normal -0 -1 0
  outer loop
    vertex 0.07375000000000001 0 0.149999999999654
    vertex 0.06625 0 0.1500000000003633
    vertex 0.06625 0 0.1043666666669109
  endloop
endfacet
facet normal 0 -1 0
  outer loop
    vertex 0.07375000000000001 0 0.1956333333331007
    vertex 0.07375000000000001 0 0.2412666666665694
    vertex 0.06625 0 0.1956333333335792
  endloop
endfacet
facet normal -0 -1 0
  outer loop
    vertex 0.07375000000000001 0 0.1956333333331007
    vertex 0.06625 0 0.1956333333335792
    vertex 0.06625 0 0.1500000000003633
  endloop
endfacet
facet normal -0 -1 0
  outer loop
    vertex 0.07375000000000001 0 0.2412666666665694
    vertex 0.06625 0 0.2412666666667787
    vertex 0.06625 0 0.1956333333335792
  endloop
endfacet
facet normal 0 0 1
  outer loop
    vertex 0 0 0
    vertex 0.04666666666655089 0 0
    vertex 0.04666666666655089 0.15 0
  endloop
endfacet
facet normal 0 0 1
  outer loop
    vertex 0 0 0
    vertex 0.04666666666655089 0.15 0
    vertex 0 0.15 0
  endloop
endfacet
facet normal 0 0 1
  outer loop
    vertex 0 0.15 0
    vertex 0.04666666666655089 0.15 0
    vertex 0.04666666666655089 0.3 0
  endloop
endfacet
facet normal 0 0 1
  outer loop
    vertex 0 0.15 0
    vertex 0.04666666666655089 0.3 0
    vertex 0 0.3 0
  endloop
endfacet
facet normal 0 0 1
  outer loop
    vertex 0 0.3 0
    vertex 0.04666666666655089 0.3 0
    vertex 0.04666666666655089 0.45 0
  endloop
endfacet
facet normal 0 0 1
  outer loop
    vertex 0 0.3 0
    vertex 0.04666666666655089 0.45 0
    vertex 0 0.45 0
  endloop
endfacet
facet normal 0 0 1
  outer loop
    vertex 0 0.45 0
    vertex 0.04666666666655089 0.45 0
    vertex 0.04666666666655089 0.6000000000000001 0
  endloop
endfacet
facet normal 0 0 1
  outer loop
    vertex 0 0.45 0
    vertex 0.04666666666655089 0.6000000000000001 0
    vertex 0 0.6000000000000001 0
  endloop
endfacet
facet normal 0 0 1
  outer loop
    vertex 0 0.6000000000000001 0
    vertex 0.04666666666655089 0.6000000000000001 0
    vertex 0.04666666666655089 0.75 0
  endloop
endfacet
facet normal 0 0 1
  outer loop
    vertex 0 0.6000000000000001 0
    vertex 0.04666666666655089 0.75 0
    vertex 0 0.75 0
  endloop
endfacet
facet normal 0 0 1
  outer loop
    vertex 0 0.75 0
    vertex 0.04666666666655089 0.75 0
    vertex 0.04666666666655089 0.8999999999999999 0
  endloop
endfacet
facet normal 0 0 1
  outer loop
    vertex 0 0.75 0
    vertex 0.04666666666655089 0.8999999999999999 0
    vertex 0 0.8999999999999999 0
  endloop
endfacet
facet normal 0 0 1
  outer loop
    vertex 0 0.8999999999999999 0
    vertex 0.04666666666655089 0.8999999999999999 0
    vertex 0.04666666666655089 1.05 0
  endloop
endfacet
facet normal 0 0 1
  outer loop
    vertex 0 0.8999999999999999 0
    vertex 0.04666666666655089 1.05 0
    vertex 0 1.05 0
  endloop
endfacet
facet normal 0 0 1
  outer loop
    vertex 0 1.05 0
    vertex 0.04666666666655089 1.05 0
    vertex 0.04666666666655089 1.2 0
  endloop
endfacet
facet normal 0 0 1
  outer loop
    vertex 0 1.05 0
    vertex 0.04666666666655089 1.2 0
    vertex 0 1.2 0
  endloop
endfacet
facet normal 0 0 1
  outer loop
    vertex 0 1.2 0
    vertex 0.04666666666655089 1.2 0
    vertex 0.04666666666655089 1.35 0
  endloop
endfacet
facet normal 0 0 1
  outer loop
    vertex 0 1.2 0
    vertex 0.04666666666655089 1.35 0
    vertex 0 1.35 0
  endloop
endfacet
facet normal 0 0 1
  outer loop
    vertex 0 1.35 0
    vertex 0.04666666666655089 1.35 0
    vertex 0.04666666666655089 1.5 0
  endloop
endfacet
facet normal 0 0 1
  outer loop
    vertex 0 1.35 0
    vertex 0.04666666666655089 1.5 0
    vertex 0 1.5 0
  endloop
endfacet
facet normal 0 0 1
  outer loop
    vertex 0 1.5 0
    vertex 0.04666666666655089 1.5 0
    vertex 0.04666666666655089 1.65 0
  endloop
endfacet
facet normal 0 0 1
  outer loop
    vertex 0 1.5 0
    vertex 0.04666666666655089 1.65 0
    vertex 0 1.65 0
  endloop
endfacet
facet normal 0 0 1
  outer loop
    vertex 0 1.65 0
    vertex 0.04666666666655089 1.65 0
    vertex 0.04666666666655089 1.8 0
  endloop
endfacet
facet normal 0 0 1
  outer loop
    vertex 0 1.65 0
    vertex 0.04666666666655089 1.8 0
    vertex 0 1.8 0
  endloop
endfacet
facet normal 0 0 1
  outer loop
    vertex 0 1.8 0
    vertex 0.04666666666655089 1.8 0
    vertex 0.04666666666655089 1.95 0
  endloop
endfacet
facet normal 0 0 1
  outer loop
    vertex 0 1.8 0
    vertex 0.04666666666655089 1.95 0
    vertex 0 1.95 0
  endloop
endfacet
facet normal 0 0 1
  outer loop
    vertex 0 1.95 0
    vertex 0.04666666666655089 1.95 0
    vertex 0.04666666666655089 2.1 0
  endloop
endfacet
facet normal 0 0 1
  outer loop
    vertex 0 1.95 0
    vertex 0.04666666666655089 2.1 0
    vertex 0 2.1 0
  endloop
endfacet
facet normal 0 0 1
  outer loop
    vertex 0 2.1 0
    vertex 0.04666666666655089 2.1 0
    vertex 0.04666666666655089 2.25 0
  endloop
endfacet
facet normal 0 0 1
  outer loop
    vertex 0 2.1 0
    vertex 0.04666666666655089 2.25 0
    vertex 0 2.25 0
  endloop
endfacet
facet normal 0 0 1
  outer loop
    vertex 0 2.25 0
    vertex 0.04666666666655089 2.25 0
    vertex 0.04666666666655089 2.4 0
  endloop
endfacet
facet normal 0 0 1
  outer loop
    vertex 0 2.25 0
    vertex 0.04666666666655089 2.4 0
    vertex 0 2.4 0
  endloop
endfacet
facet normal 0 0 1
  outer loop
    vertex 0 2.4 0
    vertex 0.04666666666655089 2.4 0
    vertex 0.04666666666655089 2.55 0
  endloop
endfacet
facet normal 0 0 1
  outer loop
    vertex 0 2.4 0
    vertex 0.04666666666655089 2.55 0
    vertex 0 2.55 0
  endloop
endfacet
facet normal 0 0 1
  outer loop
    vertex 0 2.55 0
    vertex 0.04666666666655089 2.55 0
    vertex 0.04666666666655089 2.7 0
  endloop
endfacet
facet normal 0 0 1
  outer loop
    vertex 0 2.55 0
    vertex 0.04666666666655089 2.7 0
    vertex 0 2.7 0
  endloop
endfacet
facet normal 0 0 1
  outer loop
    vertex 0 2.7 0
    vertex 0.04666666666655089 2.7 0
    vertex 0.04666666666655089 2.85 0
  endloop
endfacet
facet normal 0 0 1
  outer loop
    vertex 0 2.7 0
    vertex 0.04666666666655089 2.85 0
    vertex 0 2.85 0
  endloop
endfacet
facet normal 0 0 1
  outer loop
    vertex 0 2.85 0
    vertex 0.04666666666655089 2.85 0
    vertex 0.04666666666655089 3 0
  endloop
endfacet
facet normal 0 0 1
  outer loop
    vertex 0 2.85 0
    vertex 0.04666666666655089 3 0
    vertex 0 3 0
  endloop
endfacet
facet normal 0 0 1
  outer loop
    vertex 0.04666666666655089 0 0
    vertex 0.09333333333320473 0 0
    vertex 0.09333333333320473 0.15 0
  endloop
endfacet
facet normal 0 0 1
  outer loop
    vertex 0.04666666666655089 0 0
    vertex 0.09333333333320473 0.15 0
    vertex 0.04666666666655089 0.15 0
  endloop
endfacet
facet normal 0 0 1
  outer loop
    vertex 0.04666666666655089 0.15 0
    vertex 0.09333333333320473 0.15 0
    vertex 0.09333333333320473 0.3 0
  endloop
endfacet
facet normal 0 0 1
  outer loop
    vertex 0.04666666666655089 0.15 0
    vertex 0.09333333333320473 0.3 0
    vertex 0.04666666666655089 0.3 0
  endloop
endfacet
facet normal 0 0 1
  outer loop
    vertex 0.04666666666655089 0.3 0
    vertex 0.09333333333320473 0.3 0
    vertex 0.09333333333320473 0.45 0
  endloop
endfacet
facet normal 0 0 1
  outer loop
    vertex 0.04666666666655089 0.3 0
    vertex 0.09333333333320473 0.45 0
    vertex 0.04666666666655089 0.45 0
  endloop
endfacet
facet normal 0 0 1
  outer loop
    vertex 0.04666666666655089 0.45 0
    vertex 0.09333333333320473 0.45 0
    vertex 0.09333333333320473 0.6000000000000001 0
  endloop
endfacet
facet normal 0 0 1
  outer loop
    vertex 0.04666666666655089 0.45 0
    vertex 0.09333333333320473 0.6000000000000001 0
    vertex 0.04666666666655089 0.6000000000000001 0
  endloop
endfacet
facet normal 0 0 1
  outer loop
    vertex 0.04666666666655089 0.6000000000000001 0
    vertex 0.09333333333320473 0.6000000000000001 0
    vertex 0.09333333333320473 0.75 0
  endloop
endfacet
facet normal 0 0 1
  outer loop
    vertex 0.04666666666655089 0.6000000000000001 0
    vertex 0.09333333333320473 0.75 0
    vertex 0.04666666666655089 0.75 0
  endloop
endfacet
facet normal 0 0 1
  outer loop
    vertex 0.04666666666655089 0.75 0
    vertex 0.09333333333320473 0.75 0
    vertex 0.09333333333320473 0.8999999999999999 0
  endloop
endfacet
facet normal 0 0 1
  outer loop
    vertex 0.04666666666655089 0.75 0
    vertex 0.09333333333320473 0.8999999999999999 0
    vertex 0.04666666666655089 0.8999999999999999 0
  endloop
endfacet
facet normal 0 0 1
  outer loop
    vertex 0.04666666666655089 0.8999999999999999 0
    vertex 0.09333333333320473 0.8999999999999999 0
    vertex 0.09333333333320473 1.05 0
  endloop
endfacet
facet normal 0 0 1
  outer loop
    vertex 0.04666666666655089 0.8999999999999999 0
    vertex 0.09333333333320473 1.05 0
    vertex 0.04666666666655089 1.05 0
  endloop
endfacet
facet normal 0 0 1
  outer loop
    vertex 0.04666666666655089 1.05 0
    vertex 0.09333333333320473 1.05 0
    vertex 0.09333333333320473 1.2 0
  endloop
endfacet
facet normal 0 0 1
  outer loop
    vertex 0.04666666666655089 1.05 0
    vertex 0.09333333333320473 1.2 0
    vertex 0.04666666666655089 1.2 0
  endloop
endfacet
facet normal 0 0 1
  outer loop
    vertex 0.04666666666655089 1.2 0
    vertex 0.09333333333320473 1.2 0
    vertex 0.09333333333320473 1.35 0
  endloop
endfacet
facet normal 0 0 1
  outer loop
    vertex 0.04666666666655089 1.2 0
    vertex 0.09333333333320473 1.35 0
    vertex 0.04666666666655089 1.35 0
  endloop
endfacet
facet normal 0 0 1
  outer loop
    vertex 0.04666666666655089 1.35 0
    vertex 0.09333333333320473 1.35 0
    vertex 0.09333333333320473 1.5 0
  endloop
endfacet
facet normal 0 0 1
  outer loop
    vertex 0.04666666666655089 1.35 0
    vertex 0.09333333333320473 1.5 0
    vertex 0.04666666666655089 1.5 0
  endloop
endfacet
facet normal 0 0 1
  outer loop
    vertex 0.04666666666655089 1.5 0
    vertex 0.09333333333320473 1.5 0
    vertex 0.09333333333320473 1.65 0
  endloop
endfacet
facet normal 0 0 1
  outer loop
    vertex 0.04666666666655089 1.5 0
    vertex 0.09333333333320473 1.65 0
    vertex 0.04666666666655089 1.65 0
  endloop
endfacet
facet normal 0 0 1
  outer loop
    vertex 0.04666666666655089 1.65 0
    vertex 0.09333333333320473 1.65 0
    vertex 0.09333333333320473 1.8 0
  endloop
endfacet
facet normal 0 0 1
  outer loop
    vertex 0.04666666666655089 1.65 0
    vertex 0.09333333333320473 1.8 0
    vertex 0.04666666666655089 1.8 0
  endloop
endfacet
facet normal 0 0 1
  outer loop
    vertex 0.04666666666655089 1.8 0
    vertex 0.09333333333320473 1.8 0
    vertex 0.09333333333320473 1.95 0
  endloop
endfacet
facet normal 0 0 1
  outer loop
    vertex 0.04666666666655089 1.8 0
    vertex 0.09333333333320473 1.95 0
    vertex 0.04666666666655089 1.95 0
  endloop
endfacet
facet normal 0 0 1
  outer loop
    vertex 0.04666666666655089 1.95 0
    vertex 0.09333333333320473 1.95 0
    vertex 0.09333333333320473 2.1 0
  endloop
endfacet
facet normal 0 0 1
  outer loop
    vertex 0.04666666666655089 1.95 0
    vertex 0.09333333333320473 2.1 0
    vertex 0.04666666666655089 2.1 0
  endloop
endfacet
facet normal 0 0 1
  outer loop
    vertex 0.04666666666655089 2.1 0
    vertex 0.09333333333320473 2.1 0
    vertex 0.09333333333320473 2.25 0
  endloop
endfacet
facet normal 0 0 1
  outer loop
    vertex 0.04666666666655089 2.1 0
    vertex 0.09333333333320473 2.25 0
    vertex 0.04666666666655089 2.25 0
  endloop
endfacet
facet normal 0 0 1
  outer loop
    vertex 0.04666666666655089 2.25 0
    vertex 0.09333333333320473 2.25 0
    vertex 0.09333333333320473 2.4 0
  endloop
endfacet
facet normal 0 0 1
  outer loop
    vertex 0.04666666666655089 2.25 0
    vertex 0.09333333333320473 2.4 0
    vertex 0.04666666666655089 2.4 0
  endloop
endfacet
facet normal 0 0 1
  outer loop
    vertex 0.04666666666655089 2.4 0
    vertex 0.09333333333320473 2.4 0
    vertex 0.09333333333320473 2.55 0
  endloop
endfacet
facet normal 0 0 1
  outer loop
    vertex 0.04666666666655089 2.4 0
    vertex 0.09333333333320473 2.55 0
    vertex 0.04666666666655089 2.55 0
  endloop
endfacet
facet normal 0 0 1
  outer loop
    vertex 0.04666666666655089 2.55 0
    vertex 0.09333333333320473 2.55 0
    vertex 0.09333333333320473 2.7 0
  endloop
endfacet
facet normal 0 0 1
  outer loop
    vertex 0.04666666666655089 2.55 0
    vertex 0.09333333333320473 2.7 0
    vertex 0.04666666666655089 2.7 0
  endloop
endfacet
facet normal 0 0 1
  outer loop
    vertex 0.04666666666655089 2.7 0
    vertex 0.09333333333320473 2.7 0
    vertex 0.09333333333320473 2.85 0
  endloop
endfacet
facet normal 0 0 1
  outer loop
    vertex 0.04666666666655089 2.7 0
    vertex 0.09333333333320473 2.85 0
    vertex 0.04666666666655089 2.85 0
  endloop
endfacet
facet normal 0 0 1
  outer loop
    vertex 0.04666666666655089 2.85 0
    vertex 0.09333333333320473 2.85 0
    vertex 0.09333333333320473 3 0
  endloop
endfacet
facet normal 0 0 1
  outer loop
    vertex 0.04666666666655089 2.85 0
    vertex 0.09333333333320473 3 0
    vertex 0.04666666666655089 3 0
  endloop
endfacet
facet normal 0 0 1
  outer loop
    vertex 0.09333333333320473 0 0
    vertex 0.14 0 0
    vertex 0.14 0.15 0
  endloop
endfacet
facet normal 0 0 1
  outer loop
    vertex 0.09333333333320473 0 0
    vertex 0.14 0.15 0
    vertex 0.09333333333320473 0.15 0
  endloop
endfacet
facet normal 0 0 1
  outer loop
    vertex 0.09333333333320473 0.15 0
    vertex 0.14 0.15 0
    vertex 0.14 0.3 0
  endloop
endfacet
facet normal 0 0 1
  outer loop
    vertex 0.09333333333320473 0.15 0
    vertex 0.14 0.3 0
    vertex 0.09333333333320473 0.3 0
  endloop
endfacet
facet normal 0 0 1
  outer loop
    vertex 0.09333333333320473 0.3 0
    vertex 0.14 0.3 0
    vertex 0.14 0.45 0
  endloop
endfacet
facet normal 0 0 1
  outer loop
    vertex 0.09333333333320473 0.3 0
    vertex 0.14 0.45 0
    vertex 0.09333333333320473 0.45 0
  endloop
endfacet
facet normal 0 0 1
  outer loop
    vertex 0.09333333333320473 0.45 0
    vertex 0.14 0.45 0
    vertex 0.14 0.6000000000000001 0
  endloop
endfacet
facet normal 0 0 1
  outer loop
    vertex 0.09333333333320473 0.45 0
    vertex 0.14 0.6000000000000001 0
    vertex 0.09333333333320473 0.6000000000000001 0
  endloop
endfacet
facet normal 0 0 1
  outer loop
    vertex 0.09333333333320473 0.6000000000000001 0
    vertex 0.14 0.6000000000000001 0
    vertex 0.14 0.75 0
  endloop
endfacet
facet normal 0 0 1
  outer loop
    vertex 0.09333333333320473 0.6000000000000001 0
    vertex 0.14 0.75 0
    vertex 0.09333333333320473 0.75 0
  endloop
endfacet
facet normal 0 0 1
  outer loop
    vertex 0.09333333333320473 0.75 0
    vertex 0.14 0.75 0
    vertex 0.14 0.8999999999999999 0
  endloop
endfacet
facet normal 0 0 1
  outer loop
    vertex 0.09333333333320473 0.75 0
    vertex 0.14 0.8999999999999999 0
    vertex 0.09333333333320473 0.8999999999999999 0
  endloop
endfacet
facet normal 0 0 1
  outer loop
    vertex 0.09333333333320473 0.8999999999999999 0
    vertex 0.14 0.8999999999999999 0
    vertex 0.14 1.05 0
  endloop
endfacet
facet normal 0 0 1
  outer loop
    vertex 0.09333333333320473 0.8999999999999999 0
    vertex 0.14 1.05 0
    vertex 0.09333333333320473 1.05 0
  endloop
endfacet
facet normal 0 0 1
  outer loop
    vertex 0.09333333333320473 1.05 0
    vertex 0.14 1.05 0
    vertex 0.14 1.2 0
  endloop
endfacet
facet normal 0 0 1
  outer loop
    vertex 0.09333333333320473 1.05 0
    vertex 0.14 1.2 0
    vertex 0.09333333333320473 1.2 0
  endloop
endfacet
facet normal 0 0 1
  outer loop
    vertex 0.09333333333320473 1.2 0
    vertex 0.14 1.2 0
    vertex 0.14 1.35 0
  endloop
endfacet
facet normal 0 0 1
  outer loop
    vertex 0.09333333333320473 1.2 0
    vertex 0.14 1.35 0
    vertex 0.09333333333320473 1.35 0
  endloop
endfacet
facet normal 0 0 1
  outer loop
    vertex 0.09333333333320473 1.35 0
    vertex 0.14 1.35 0
    vertex 0.14 1.5 0
  endloop
endfacet
facet normal 0 0 1
  outer loop
    vertex 0.09333333333320473 1.35 0
    vertex 0.14 1.5 0
    vertex 0.09333333333320473 1.5 0
  endloop
endfacet
facet normal 0 0 1
  outer loop
    vertex 0.09333333333320473 1.5 0
    vertex 0.14 1.5 0
    vertex 0.14 1.65 0
  endloop
endfacet
facet normal 0 0 1
  outer loop
    vertex 0.09333333333320473 1.5 0
    vertex 0.14 1.65 0
    vertex 0.09333333333320473 1.65 0
  endloop
endfacet
facet normal 0 0 1
  outer loop
    vertex 0.09333333333320473 1.65 0
    vertex 0.14 1.65 0
    vertex 0.14 1.8 0
  endloop
endfacet
facet normal 0 0 1
  outer loop
    vertex 0.09333333333320473 1.65 0
    vertex 0.14 1.8 0
    vertex 0.09333333333320473 1.8 0
  endloop
endfacet
facet normal 0 0 1
  outer loop
    vertex 0.09333333333320473 1.8 0
    vertex 0.14 1.8 0
    vertex 0.14 1.95 0
  endloop
endfacet
facet normal 0 0 1
  outer loop
    vertex 0.09333333333320473 1.8 0
    vertex 0.14 1.95 0
    vertex 0.09333333333320473 1.95 0
  endloop
endfacet
facet normal 0 0 1
  outer loop
    vertex 0.09333333333320473 1.95 0
    vertex 0.14 1.95 0
    vertex 0.14 2.1 0
  endloop
endfacet
facet normal 0 0 1
  outer loop
    vertex 0.09333333333320473 1.95 0
    vertex 0.14 2.1 0
    vertex 0.09333333333320473 2.1 0
  endloop
endfacet
facet normal 0 0 1
  outer loop
    vertex 0.09333333333320473 2.1 0
    vertex 0.14 2.1 0
    vertex 0.14 2.25 0
  endloop
endfacet
facet normal 0 0 1
  outer loop
    vertex 0.09333333333320473 2.1 0
    vertex 0.14 2.25 0
    vertex 0.09333333333320473 2.25 0
  endloop
endfacet
facet normal 0 0 1
  outer loop
    vertex 0.09333333333320473 2.25 0
    vertex 0.14 2.25 0
    vertex 0.14 2.4 0
  endloop
endfacet
facet normal 0 0 1
  outer loop
    vertex 0.09333333333320473 2.25 0
    vertex 0.14 2.4 0
    vertex 0.09333333333320473 2.4 0
  endloop
endfacet
facet normal 0 0 1
  outer loop
    vertex 0.09333333333320473 2.4 0
    vertex 0.14 2.4 0
    vertex 0.14 2.55 0
  endloop
endfacet
facet normal 0 0 1
  outer loop
    vertex 0.09333333333320473 2.4 0
    vertex 0.14 2.55 0
    vertex 0.09333333333320473 2.55 0
  endloop
endfacet
facet normal 0 0 1
  outer loop
    vertex 0.09333333333320473 2.55 0
    vertex 0.14 2.55 0
    vertex 0.14 2.7 0
  endloop
endfacet
facet normal 0 0 1
  outer loop
    vertex 0.09333333333320473 2.55 0
    vertex 0.14 2.7 0
    vertex 0.09333333333320473 2.7 0
  endloop
endfacet
facet normal 0 0 1
  outer loop
    vertex 0.09333333333320473 2.7 0
    vertex 0.14 2.7 0
    vertex 0.14 2.85 0
  endloop
endfacet
facet normal 0 0 1
  outer loop
    vertex 0.09333333333320473 2.7 0
    vertex 0.14 2.85 0
    vertex 0.09333333333320473 2.85 0
  endloop
endfacet
facet normal 0 0 1
  outer loop
    vertex 0.09333333333320473 2.85 0
    vertex 0.14 2.85 0
    vertex 0.14 3 0
  endloop
endfacet
facet normal 0 0 1
  outer loop
    vertex 0.09333333333320473 2.85 0
    vertex 0.14 3 0
    vertex 0.09333333333320473 3 0
  endloop
endfacet
facet normal -1 0 0
  outer loop
    vertex 0.14 0 0
    vertex 0.14 0 0.0131
    vertex 0.14 0.15 0.0131
  endloop
endfacet
facet normal -1 0 0
  outer loop
    vertex 0.14 0 0
    vertex 0.14 0.15 0.0131
    vertex 0.14 0.15 0
  endloop
endfacet
facet normal -1 0 0
  outer loop
    vertex 0.14 0.15 0
    vertex 0.14 0.15 0.0131
    vertex 0.14 0.3 0.0131
  endloop
endfacet
facet normal -1 0 0
  outer loop
    vertex 0.14 0.15 0
    vertex 0.14 0.3 0.0131
    vertex 0.14 0.3 0
  endloop
endfacet
facet normal -1 0 0
  outer loop
    vertex 0.14 0.3 0
    vertex 0.14 0.3 0.0131
    vertex 0.14 0.45 0.0131
  endloop
endfacet
facet normal -1 0 0
  outer loop
    vertex 0.14 0.3 0
    vertex 0.14 0.45 0.0131
    vertex 0.14 0.45 0
  endloop
endfacet
facet normal -1 0 0
  outer loop
    vertex 0.14 0.45 0
    vertex 0.14 0.45 0.0131
    vertex 0.14 0.6000000000000001 0.0131
  endloop
endfacet
facet normal -1 0 0
  outer loop
    vertex 0.14 0.45 0
    vertex 0.14 0.6000000000000001 0.0131
    vertex 0.14 0.6000000000000001 0
  endloop
endfacet
facet normal -1 0 0
  outer loop
    vertex 0.14 0.6000000000000001 0
    vertex 0.14 0.6000000000000001 0.0131
    vertex 0.14 0.75 0.0131
  endloop
endfacet
facet normal -1 0 0
  outer loop
    vertex 0.14 0.6000000000000001 0
    vertex 0.14 0.75 0.0131
    vertex 0.14 0.75 0
  endloop
endfacet
facet normal -1 0 0
  outer loop
    vertex 0.14 0.75 0
    vertex 0.14 0.75 0.0131
    vertex 0.14 0.8999999999999999 0.0131
  endloop
endfacet
facet normal -1 0 0
  outer loop
    vertex 0.14 0.75 0
    vertex 0.14 0.8999999999999999 0.0131
    vertex 0.14 0.8999999999999999 0
  endloop
endfacet
facet normal -1 0 0
  outer loop
    vertex 0.14 0.8999999999999999 0
    vertex 0.14 0.8999999999999999 0.0131
    vertex 0.14 1.05 0.0131
  endloop
endfacet
facet normal -1 0 0
  outer loop
    vertex 0.14 0.8999999999999999 0
    vertex 0.14 1.05 0.0131
    vertex 0.14 1.05 0
  endloop
endfacet
facet normal -1 0 0
  outer loop
    vertex 0.14 1.05 0
    vertex 0.14 1.05 0.0131
    vertex 0.14 1.2 0.0131
  endloop
endfacet
facet normal -1 0 0
  outer loop
    vertex 0.14 1.05 0
    vertex 0.14 1.2 0.0131
    vertex 0.14 1.2 0
  endloop
endfacet
facet normal -1 0 0
  outer loop
    vertex 0.14 1.2 0
    vertex 0.14 1.2 0.0131
    vertex 0.14 1.35 0.0131
  endloop
endfacet
facet normal -1 0 0
  outer loop
    vertex 0.14 1.2 0
    vertex 0.14 1.35 0.0131
    vertex 0.14 1.35 0
  endloop
endfacet
facet normal -1 0 0
  outer loop
    vertex 0.14 1.35 0
    vertex 0.14 1.35 0.0131
    vertex 0.14 1.5 0.0131
  endloop
endfacet
facet normal -1 0 0
  outer loop
    vertex 0.14 1.35 0
    vertex 0.14 1.5 0.0131
    vertex 0.14 1.5 0
  endloop
endfacet
facet normal -1 0 0
  outer loop
    vertex 0.14 1.5 0
    vertex 0.14 1.5 0.0131
    vertex 0.14 1.65 0.0131
  endloop
endfacet
facet normal -1 0 0
  outer loop
    vertex 0.14 1.5 0
    vertex 0.14 1.65 0.0131
    vertex 0.14 1.65 0
  endloop
endfacet
facet normal -1 0 0
  outer loop
    vertex 0.14 1.65 0
    vertex 0.14 1.65 0.0131
    vertex 0.14 1.8 0.0131
  endloop
endfacet
facet normal -1 0 0
  outer loop
    vertex 0.14 1.65 0
    vertex 0.14 1.8 0.0131
    vertex 0.14 1.8 0
  endloop
endfacet
facet normal -1 0 0
  outer loop
    vertex 0.14 1.8 0
    vertex 0.14 1.8 0.0131
    vertex 0.14 1.95 0.0131
  endloop
endfacet
facet normal -1 0 0
  outer loop
    vertex 0.14 1.8 0
    vertex 0.14 1.95 0.0131
    vertex 0.14 1.95 0
  endloop
endfacet
facet normal -1 0 0
  outer loop
    vertex 0.14 1.95 0
    vertex 0.14 1.95 0.0131
    vertex 0.14 2.1 0.0131
  endloop
endfacet
facet normal -1 0 0
  outer loop
    vertex 0.14 1.95 0
    vertex 0.14 2.1 0.0131
    vertex 0.14 2.1 0
  endloop
endfacet
facet normal -1 0 0
  outer loop
    vertex 0.14 2.1 0
    vertex 0.14 2.1 0.0131
    vertex 0.14 2.25 0.0131
  endloop
endfacet
facet normal -1 0 0
  outer loop
    vertex 0.14 2.1 0
    vertex 0.14 2.25 0.0131
    vertex 0.14 2.25 0
  endloop
endfacet
facet normal -1 0 0
  outer loop
    vertex 0.14 2.25 0
    vertex 0.14 2.25 0.0131
    vertex 0.14 2.4 0.0131
  endloop
endfacet
facet normal -1 0 0
  outer loop
    vertex 0.14 2.25 0
    vertex 0.14 2.4 0.0131
    vertex 0.14 2.4 0
  endloop
endfacet
facet normal -1 0 0
  outer loop
    vertex 0.14 2.4 0
    vertex 0.14 2.4 0.0131
    vertex 0.14 2.55 0.0131
  endloop
endfacet
facet normal -1 0 0
  outer loop
    vertex 0.14 2.4 0
    vertex 0.14 2.55 0.0131
    vertex 0.14 2.55 0
  endloop
endfacet
facet normal -1 0 0
  outer loop
    vertex 0.14 2.55 0
    vertex 0.14 2.55 0.0131
    vertex 0.14 2.7 0.0131
  endloop
endfacet
facet normal -1 0 0
  outer loop
    vertex 0.14 2.55 0
    vertex 0.14 2.7 0.0131
    vertex 0.14 2.7 0
  endloop
endfacet
facet normal -1 0 0
  outer loop
    vertex 0.14 2.7 0
    vertex 0.14 2.7 0.0131
    vertex 0.14 2.85 0.0131
  endloop
endfacet
facet normal -1 0 0
  outer loop
    vertex 0.14 2.7 0
    vertex 0.14 2.85 0.0131
    vertex 0.14 2.85 0
  endloop
endfacet
facet normal -1 0 0
  outer loop
    vertex 0.14 2.85 0
    vertex 0.14 2.85 0.0131
    vertex 0.14 3 0.0131
  endloop
endfacet
facet normal -1 0 0
  outer loop
    vertex 0.14 2.85 0
    vertex 0.14 3 0.0131
    vertex 0.14 3 0
  endloop
endfacet
facet normal 0 0 -1
  outer loop
    vertex 0.14 0 0.0131
    vertex 0.1068750000000894 0 0.0131
    vertex 0.1068750000000894 0.15 0.0131
  endloop
endfacet
facet normal 0 0 -1
  outer loop
    vertex 0.14 0 0.0131
    vertex 0.1068750000000894 0.15 0.0131
    vertex 0.14 0.15 0.0131
  endloop
endfacet
facet normal 0 0 -1
  outer loop
    vertex 0.14 0.15 0.0131
    vertex 0.1068750000000894 0.15 0.0131
    vertex 0.1068750000000894 0.3 0.0131
  endloop
endfacet
facet normal 0 0 -1
  outer loop
    vertex 0.14 0.15 0.0131
    vertex 0.1068750000000894 0.3 0.0131
    vertex 0.14 0.3 0.0131
  endloop
endfacet
facet normal 0 0 -1
  outer loop
    vertex 0.14 0.3 0.0131
    vertex 0.1068750000000894 0.3 0.0131
    vertex 0.1068750000000894 0.45 0.0131
  endloop
endfacet
facet normal 0 0 -1
  outer loop
    vertex 0.14 0.3 0.0131
    vertex 0.1068750000000894 0.45 0.0131
    vertex 0.14 0.45 0.0131
  endloop
endfacet
facet normal 0 0 -1
  outer loop
    vertex 0.14 0.45 0.0131
    vertex 0.1068750000000894 0.45 0.0131
    vertex 0.1068750000000894 0.6000000000000001 0.0131
  endloop
endfacet
facet normal 0 0 -1
  outer loop
    vertex 0.14 0.45 0.0131
    vertex 0.1068750000000894 0.6000000000000001 0.0131
    vertex 0.14 0.6000000000000001 0.0131
  endloop
endfacet
facet normal 0 0 -1
  outer loop
    vertex 0.14 0.6000000000000001 0.0131
    vertex 0.1068750000000894 0.6000000000000001 0.0131
    vertex 0.1068750000000894 0.75 0.0131
  endloop
endfacet
facet normal 0 0 -1
  outer loop
    vertex 0.14 0.6000000000000001 0.0131
    vertex 0.1068750000000894 0.75 0.0131
    vertex 0.14 0.75 0.0131
  endloop
endfacet
facet normal 0 0 -1
  outer loop
    vertex 0.14 0.75 0.0131
    vertex 0.1068750000000894 0.75 0.0131
    vertex 0.1068750000000894 0.8999999999999999 0.0131
  endloop
endfacet
facet normal 0 0 -1
  outer loop
    vertex 0.14 0.75 0.0131
    vertex 0.1068750000000894 0.8999999999999999 0.0131
    vertex 0.14 0.8999999999999999 0.0131
  endloop
endfacet
facet normal 0 0 -1
  outer loop
    vertex 0.14 0.8999999999999999 0.0131
    vertex 0.1068750000000894 0.8999999999999999 0.0131
    vertex 0.1068750000000894 1.05 0.0131
  endloop
endfacet
facet normal 0 0 -1
  outer loop
    vertex 0.14 0.8999999999999999 0.0131
    vertex 0.1068750000000894 1.05 0.0131
    vertex 0.14 1.05 0.0131
  endloop
endfacet
facet normal 0 0 -1
  outer loop
    vertex 0.14 1.05 0.0131
    vertex 0.1068750000000894 1.05 0.0131
    vertex 0.1068750000000894 1.2 0.0131
  endloop
endfacet
facet normal 0 0 -1
  outer loop
    vertex 0.14 1.05 0.0131
    vertex 0.1068750000000894 1.2 0.0131
    vertex 0.14 1.2 0.0131
  endloop
endfacet
facet normal 0 0 -1
  outer loop
    vertex 0.14 1.2 0.0131
    vertex 0.1068750000000894 1.2 0.0131
    vertex 0.1068750000000894 1.35 0.0131
  endloop
endfacet
facet normal 0 0 -1
  outer loop
    vertex 0.14 1.2 0.0131
    vertex 0.1068750000000894 1.35 0.0131
    vertex 0.14 1.35 0.0131
  endloop
endfacet
facet normal 0 0 -1
  outer loop
    vertex 0.14 1.35 0.0131
    vertex 0.1068750000000894 1.35 0.0131
    vertex 0.1068750000000894 1.5 0.0131
  endloop
endfacet
facet normal 0 0 -1
  outer loop
    vertex 0.14 1.35 0.0131
    vertex 0.1068750000000894 1.5 0.0131
    vertex 0.14 1.5 0.0131
  endloop
endfacet
facet normal 0 0 -1
  outer loop
    vertex 0.14 1.5 0.0131
    vertex 0.1068750000000894 1.5 0.0131
    vertex 0.1068750000000894 1.65 0.0131
  endloop
endfacet
facet normal 0 0 -1
  outer loop
    vertex 0.14 1.5 0.0131
    vertex 0.1068750000000894 1.65 0.0131
    vertex 0.14 1.65 0.0131
  endloop
endfacet
facet normal 0 0 -1
  outer loop
    vertex 0.14 1.65 0.0131
    vertex 0.1068750000000894 1.65 0.0131
    vertex 0.1068750000000894 1.8 0.0131
  endloop
endfacet
facet normal 0 0 -1
  outer loop
    vertex 0.14 1.65 0.0131
    vertex 0.1068750000000894 1.8 0.0131
    vertex 0.14 1.8 0.0131
  endloop
endfacet
facet normal 0 0 -1
  outer loop
    vertex 0.14 1.8 0.0131
    vertex 0.1068750000000894 1.8 0.0131
    vertex 0.1068750000000894 1.95 0.0131
  endloop
endfacet
facet normal 0 0 -1
  outer loop
    vertex 0.14 1.8 0.0131
    vertex 0.1068750000000894 1.95 0.0131
    vertex 0.14 1.95 0.0131
  endloop
endfacet
facet normal 0 0 -1
  outer loop
    vertex 0.14 1.95 0.0131
    vertex 0.1068750000000894 1.95 0.0131
    vertex 0.1068750000000894 2.1 0.0131
  endloop
endfacet
facet normal 0 0 -1
  outer loop
    vertex 0.14 1.95 0.0131
    vertex 0.1068750000000894 2.1 0.0131
    vertex 0.14 2.1 0.0131
  endloop
endfacet
facet normal 0 0 -1
  outer loop
    vertex 0.14 2.1 0.0131
    vertex 0.1068750000000894 2.1 0.0131
    vertex 0.1068750000000894 2.25 0.0131
  endloop
endfacet
facet normal 0 0 -1
  outer loop
    vertex 0.14 2.1 0.0131
    vertex 0.1068750000000894 2.25 0.0131
    vertex 0.14 2.25 0.0131
  endloop
endfacet
facet normal 0 0 -1
  outer loop
    vertex 0.14 2.25 0.0131
    vertex 0.1068750000000894 2.25 0.0131
    vertex 0.1068750000000894 2.4 0.0131
  endloop
endfacet
facet normal 0 0 -1
  outer loop
    vertex 0.14 2.25 0.0131
    vertex 0.1068750000000894 2.4 0.0131
    vertex 0.14 2.4 0.0131
  endloop
endfacet
facet normal 0 0 -1
  outer loop
    vertex 0.14 2.4 0.0131
    vertex 0.1068750000000894 2.4 0.0131
    vertex 0.1068750000000894 2.55 0.0131
  endloop
endfacet
facet normal 0 0 -1
  outer loop
    vertex 0.14 2.4 0.0131
    vertex 0.1068750000000894 2.55 0.0131
    vertex 0.14 2.55 0.0131
  endloop
endfacet
facet normal 0 0 -1
  outer loop
    vertex 0.14 2.55 0.0131
    vertex 0.1068750000000894 2.55 0.0131
    vertex 0.1068750000000894 2.7 0.0131
  endloop
endfacet
facet normal 0 0 -1
  outer loop
    vertex 0.14 2.55 0.0131
    vertex 0.1068750000000894 2.7 0.0131
    vertex 0.14 2.7 0.0131
  endloop
endfacet
facet normal 0 0 -1
  outer loop
    vertex 0.14 2.7 0.0131
    vertex 0.1068750000000894 2.7 0.0131
    vertex 0.1068750000000894 2.85 0.0131
  endloop
endfacet
facet normal 0 0 -1
  outer loop
    vertex 0.14 2.7 0.0131
    vertex 0.1068750000000894 2.85 0.0131
    vertex 0.14 2.85 0.0131
  endloop
endfacet
facet normal 0 0 -1
  outer loop
    vertex 0.14 2.85 0.0131
    vertex 0.1068750000000894 2.85 0.0131
    vertex 0.1068750000000894 3 0.0131
  endloop
endfacet
facet normal 0 0 -1
  outer loop
    vertex 0.14 2.85 0.0131
    vertex 0.1068750000000894 3 0.0131
    vertex 0.14 3 0.0131
  endloop
endfacet
facet normal 0 0 -1
  outer loop
    vertex 0.1068750000000894 0 0.0131
    vertex 0.07375000000000001 0 0.0131
    vertex 0.07375000000000001 0.15 0.0131
  endloop
endfacet
facet normal 0 0 -1
  outer loop
    vertex 0.1068750000000894 0 0.0131
    vertex 0.07375000000000001 0.15 0.0131
    vertex 0.1068750000000894 0.15 0.0131
  endloop
endfacet
facet normal 0 0 -1
  outer loop
    vertex 0.1068750000000894 0.15 0.0131
    vertex 0.07375000000000001 0.15 0.0131
    vertex 0.07375000000000001 0.3 0.0131
  endloop
endfacet
facet normal 0 0 -1
  outer loop
    vertex 0.1068750000000894 0.15 0.0131
    vertex 0.07375000000000001 0.3 0.0131
    vertex 0.1068750000000894 0.3 0.0131
  endloop
endfacet
facet normal 0 0 -1
  outer loop
    vertex 0.1068750000000894 0.3 0.0131
    vertex 0.07375000000000001 0.3 0.0131
    vertex 0.07375000000000001 0.45 0.0131
  endloop
endfacet
facet normal 0 0 -1
  outer loop
    vertex 0.1068750000000894 0.3 0.0131
    vertex 0.07375000000000001 0.45 0.0131
    vertex 0.1068750000000894 0.45 0.0131
  endloop
endfacet
facet normal 0 0 -1
  outer loop
    vertex 0.1068750000000894 0.45 0.0131
    vertex 0.07375000000000001 0.45 0.0131
    vertex 0.07375000000000001 0.6000000000000001 0.0131
  endloop
endfacet
facet normal 0 0 -1
  outer loop
    vertex 0.1068750000000894 0.45 0.0131
    vertex 0.07375000000000001 0.6000000000000001 0.0131
    vertex 0.1068750000000894 0.6000000000000001 0.0131
  endloop
endfacet
facet normal 0 0 -1
  outer loop
    vertex 0.1068750000000894 0.6000000000000001 0.0131
    vertex 0.07375000000000001 0.6000000000000001 0.0131
    vertex 0.07375000000000001 0.75 0.0131
  endloop
endfacet
facet normal 0 0 -1
  outer loop
    vertex 0.1068750000000894 0.6000000000000001 0.0131
    vertex 0.07375000000000001 0.75 0.0131
    vertex 0.1068750000000894 0.75 0.0131
  endloop
endfacet
facet normal 0 0 -1
  outer loop
    vertex 0.1068750000000894 0.75 0.0131
    vertex 0.07375000000000001 0.75 0.0131
    vertex 0.07375000000000001 0.8999999999999999 0.0131
  endloop
endfacet
facet normal 0 0 -1
  outer loop
    vertex 0.1068750000000894 0.75 0.0131
    vertex 0.07375000000000001 0.8999999999999999 0.0131
    vertex 0.1068750000000894 0.8999999999999999 0.0131
  endloop
endfacet
facet normal 0 0 -1
  outer loop
    vertex 0.1068750000000894 0.8999999999999999 0.0131
    vertex 0.07375000000000001 0.8999999999999999 0.0131
    vertex 0.07375000000000001 1.05 0.0131
  endloop
endfacet
facet normal 0 0 -1
  outer loop
    vertex 0.1068750000000894 0.8999999999999999 0.0131
    vertex 0.07375000000000001 1.05 0.0131
    vertex 0.1068750000000894 1.05 0.0131
  endloop
endfacet
facet normal 0 0 -1
  outer loop
    vertex 0.1068750000000894 1.05 0.0131
    vertex 0.07375000000000001 1.05 0.0131
    vertex 0.07375000000000001 1.2 0.0131
  endloop
endfacet
facet normal 0 0 -1
  outer loop
    vertex 0.1068750000000894 1.05 0.0131
    vertex 0.07375000000000001 1.2 0.0131
    vertex 0.1068750000000894 1.2 0.0131
  endloop
endfacet
facet normal 0 0 -1
  outer loop
    vertex 0.1068750000000894 1.2 0.0131
    vertex 0.07375000000000001 1.2 0.0131
    vertex 0.07375000000000001 1.35 0.0131
  endloop
endfacet
facet normal 0 0 -1
  outer loop
    vertex 0.1068750000000894 1.2 0.0131
    vertex 0.07375000000000001 1.35 0.0131
    vertex 0.1068750000000894 1.35 0.0131
  endloop
endfacet
facet normal 0 0 -1
  outer loop
    vertex 0.1068750000000894 1.35 0.0131
    vertex 0.07375000000000001 1.35 0.0131
    vertex 0.07375000000000001 1.5 0.0131
  endloop
endfacet
facet normal 0 0 -1
  outer loop
    vertex 0.1068750000000894 1.35 0.0131
    vertex 0.07375000000000001 1.5 0.0131
    vertex 0.1068750000000894 1.5 0.0131
  endloop
endfacet
facet normal 0 0 -1
  outer loop
    vertex 0.1068750000000894 1.5 0.0131
    vertex 0.07375000000000001 1.5 0.0131
    vertex 0.07375000000000001 1.65 0.0131
  endloop
endfacet
facet normal 0 0 -1
  outer loop
    vertex 0.1068750000000894 1.5 0.0131
    vertex 0.07375000000000001 1.65 0.0131
    vertex 0.1068750000000894 1.65 0.0131
  endloop
endfacet
facet normal 0 0 -1
  outer loop
    vertex 0.1068750000000894 1.65 0.0131
    vertex 0.07375000000000001 1.65 0.0131
    vertex 0.07375000000000001 1.8 0.0131
  endloop
endfacet
facet normal 0 0 -1
  outer loop
    vertex 0.1068750000000894 1.65 0.0131
    vertex 0.07375000000000001 1.8 0.0131
    vertex 0.1068750000000894 1.8 0.0131
  endloop
endfacet
facet normal 0 0 -1
  outer loop
    vertex 0.1068750000000894 1.8 0.0131
    vertex 0.07375000000000001 1.8 0.0131
    vertex 0.07375000000000001 1.95 0.0131
  endloop
endfacet
facet normal 0 0 -1
  outer loop
    vertex 0.1068750000000894 1.8 0.0131
    vertex 0.07375000000000001 1.95 0.0131
    vertex 0.1068750000000894 1.95 0.0131
  endloop
endfacet
facet normal 0 0 -1
  outer loop
    vertex 0.1068750000000894 1.95 0.0131
    vertex 0.07375000000000001 1.95 0.0131
    vertex 0.07375000000000001 2.1 0.0131
  endloop
endfacet
facet normal 0 0 -1
  outer loop
    vertex 0.1068750000000894 1.95 0.0131
    vertex 0.07375000000000001 2.1 0.0131
    vertex 0.1068750000000894 2.1 0.0131
  endloop
endfacet
facet normal 0 0 -1
  outer loop
    vertex 0.1068750000000894 2.1 0.0131
    vertex 0.07375000000000001 2.1 0.0131
    vertex 0.07375000000000001 2.25 0.0131
  endloop
endfacet
facet normal 0 0 -1
  outer loop
    vertex 0.1068750000000894 2.1 0.0131
    vertex 0.07375000000000001 2.25 0.0131
    vertex 0.1068750000000894 2.25 0.0131
  endloop
endfacet
facet normal 0 0 -1
  outer loop
    vertex 0.1068750000000894 2.25 0.0131
    vertex 0.07375000000000001 2.25 0.0131
    vertex 0.07375000000000001 2.4 0.0131
  endloop
endfacet
facet normal 0 0 -1
  outer loop
    vertex 0.1068750000000894 2.25 0.0131
    vertex 0.07375000000000001 2.4 0.0131
    vertex 0.1068750000000894 2.4 0.0131
  endloop
endfacet
facet normal 0 0 -1
  outer loop
    vertex 0.1068750000000894 2.4 0.0131
    vertex 0.07375000000000001 2.4 0.0131
    vertex 0.07375000000000001 2.55 0.0131
  endloop
endfacet
facet normal 0 0 -1
  outer loop
    vertex 0.1068750000000894 2.4 0.0131
    vertex 0.07375000000000001 2.55 0.0131
    vertex 0.1068750000000894 2.55 0.0131
  endloop
endfacet
facet normal 0 0 -1
  outer loop
    vertex 0.1068750000000894 2.55 0.0131
    vertex 0.07375000000000001 2.55 0.0131
    vertex 0.07375000000000001 2.7 0.0131
  endloop
endfacet
facet normal 0 0 -1
  outer loop
    vertex 0.1068750000000894 2.55 0.0131
    vertex 0.07375000000000001 2.7 0.0131
    vertex 0.1068750000000894 2.7 0.0131
  endloop
endfacet
facet normal 0 0 -1
  outer loop
    vertex 0.1068750000000894 2.7 0.0131
    vertex 0.07375000000000001 2.7 0.0131
    vertex 0.07375000000000001 2.85 0.0131
  endloop
endfacet
facet normal 0 0 -1
  outer loop
    vertex 0.1068750000000894 2.7 0.0131
    vertex 0.07375000000000001 2.85 0.0131
    vertex 0.1068750000000894 2.85 0.0131
  endloop
endfacet
facet normal 0 0 -1
  outer loop
    vertex 0.1068750000000894 2.85 0.0131
    vertex 0.07375000000000001 2.85 0.0131
    vertex 0.07375000000000001 3 0.0131
  endloop
endfacet
facet normal 0 0 -1
  outer loop
    vertex 0.1068750000000894 2.85 0.0131
    vertex 0.07375000000000001 3 0.0131
    vertex 0.1068750000000894 3 0.0131
  endloop
endfacet
facet normal -1 0 0
  outer loop
    vertex 0.07375000000000001 0 0.0131
    vertex 0.07375000000000001 0 0.05873333333323927
    vertex 0.07375000000000001 0.15 0.05873333333323927
  endloop
endfacet
facet normal -1 0 0
  outer loop
    vertex 0.07375000000000001 0 0.0131
    vertex 0.07375000000000001 0.15 0.05873333333323927
    vertex 0.07375000000000001 0.15 0.0131
  endloop
endfacet
facet normal -1 0 0
  outer loop
    vertex 0.07375000000000001 0.15 0.0131
    vertex 0.07375000000000001 0.15 0.05873333333323927
    vertex 0.07375000000000001 0.3 0.05873333333323927
  endloop
endfacet
facet normal -1 0 0
  outer loop
    vertex 0.07375000000000001 0.15 0.0131
    vertex 0.07375000000000001 0.3 0.05873333333323927
    vertex 0.07375000000000001 0.3 0.0131
  endloop
endfacet
facet normal -1 0 0
  outer loop
    vertex 0.07375000000000001 0.3 0.0131
    vertex 0.07375000000000001 0.3 0.05873333333323927
    vertex 0.07375000000000001 0.45 0.05873333333323927
  endloop
endfacet
facet normal -1 0 0
  outer loop
    vertex 0.07375000000000001 0.3 0.0131
    vertex 0.07375000000000001 0.45 0.05873333333323927
    vertex 0.07375000000000001 0.45 0.0131
  endloop
endfacet
facet normal -1 0 0
  outer loop
    vertex 0.07375000000000001 0.45 0.0131
    vertex 0.07375000000000001 0.45 0.05873333333323927
    vertex 0.07375000000000001 0.6000000000000001 0.05873333333323927
  endloop
endfacet
facet normal -1 0 0
  outer loop
    vertex 0.07375000000000001 0.45 0.0131
    vertex 0.07375000000000001 0.6000000000000001 0.05873333333323927
    vertex 0.07375000000000001 0.6000000000000001 0.0131
  endloop
endfacet
facet normal -1 0 0
  outer loop
    vertex 0.07375000000000001 0.6000000000000001 0.0131
    vertex 0.07375000000000001 0.6000000000000001 0.05873333333323927
    vertex 0.07375000000000001 0.75 0.05873333333323927
  endloop
endfacet
facet normal -1 0 0
  outer loop
    vertex 0.07375000000000001 0.6000000000000001 0.0131
    vertex 0.07375000000000001 0.75 0.05873333333323927
    vertex 0.07375000000000001 0.75 0.0131
  endloop
endfacet
facet normal -1 0 0
  outer loop
    vertex 0.07375000000000001 0.75 0.0131
    vertex 0.07375000000000001 0.75 0.05873333333323927
    vertex 0.07375000000000001 0.8999999999999999 0.05873333333323927
  endloop
endfacet
facet normal -1 0 0
  outer loop
    vertex 0.07375000000000001 0.75 0.0131
    vertex 0.07375000000000001 0.8999999999999999 0.05873333333323927
    vertex 0.07375000000000001 0.8999999999999999 0.0131
  endloop
endfacet
facet normal -1 0 0
  outer loop
    vertex 0.07375000000000001 0.8999999999999999 0.0131
    vertex 0.07375000000000001 0.8999999999999999 0.05873333333323927
    vertex 0.07375000000000001 1.05 0.05873333333323927
  endloop
endfacet
facet normal -1 0 0
  outer loop
    vertex 0.07375000000000001 0.8999999999999999 0.0131
    vertex 0.07375000000000001 1.05 0.05873333333323927
    vertex 0.07375000000000001 1.05 0.0131
  endloop
endfacet
facet normal -1 0 0
  outer loop
    vertex 0.07375000000000001 1.05 0.0131
    vertex 0.07375000000000001 1.05 0.05873333333323927
    vertex 0.07375000000000001 1.2 0.05873333333323927
  endloop
endfacet
facet normal -1 0 0
  outer loop
    vertex 0.07375000000000001 1.05 0.0131
    vertex 0.07375000000000001 1.2 0.05873333333323927
    vertex 0.07375000000000001 1.2 0.0131
  endloop
endfacet
facet normal -1 0 0
  outer loop
    vertex 0.07375000000000001 1.2 0.0131
    vertex 0.07375000000000001 1.2 0.05873333333323927
    vertex 0.07375000000000001 1.35 0.05873333333323927
  endloop
endfacet
facet normal -1 0 0
  outer loop
    vertex 0.07375000000000001 1.2 0.0131
    vertex 0.07375000000000001 1.35 0.05873333333323927
    vertex 0.07375000000000001 1.35 0.0131
  endloop
endfacet
facet normal -1 0 0
  outer loop
    vertex 0.07375000000000001 1.35 0.0131
    vertex 0.07375000000000001 1.35 0.05873333333323927
    vertex 0.07375000000000001 1.5 0.05873333333323927
  endloop
endfacet
facet normal -1 0 0
  outer loop
    vertex 0.07375000000000001 1.35 0.0131
    vertex 0.07375000000000001 1.5 0.05873333333323927
    vertex 0.07375000000000001 1.5 0.0131
  endloop
endfacet
facet normal -1 0 0
  outer loop
    vertex 0.07375000000000001 1.5 0.0131
    vertex 0.07375000000000001 1.5 0.05873333333323927
    vertex 0.07375000000000001 1.65 0.05873333333323927
  endloop
endfacet
facet normal -1 0 0
  outer loop
    vertex 0.07375000000000001 1.5 0.0131
    vertex 0.07375000000000001 1.65 0.05873333333323927
    vertex 0.07375000000000001 1.65 0.0131
  endloop
endfacet
facet normal -1 0 0
  outer loop
    vertex 0.07375000000000001 1.65 0.0131
    vertex 0.07375000000000001 1.65 0.05873333333323927
    vertex 0.07375000000000001 1.8 0.05873333333323927
  endloop
endfacet
facet normal -1 0 0
  outer loop
    vertex 0.07375000000000001 1.65 0.0131
    vertex 0.07375000000000001 1.8 0.05873333333323927
    vertex 0.07375000000000001 1.8 0.0131
  endloop
endfacet
facet normal -1 0 0
  outer loop
    vertex 0.07375000000000001 1.8 0.0131
    vertex 0.07375000000000001 1.8 0.05873333333323927
    vertex 0.07375000000000001 1.95 0.05873333333323927
  endloop
endfacet
facet normal -1 0 0
  outer loop
    vertex 0.07375000000000001 1.8 0.0131
    vertex 0.07375000000000001 1.95 0.05873333333323927
    vertex 0.07375000000000001 1.95 0.0131
  endloop
endfacet
facet normal -1 0 0
  outer loop
    vertex 0.07375000000000001 1.95 0.0131
    vertex 0.07375000000000001 1.95 0.05873333333323927
    vertex 0.07375000000000001 2.1 0.05873333333323927
  endloop
endfacet
facet normal -1 0 0
  outer loop
    vertex 0.07375000000000001 1.95 0.0131
    vertex 0.07375000000000001 2.1 0.05873333333323927
    vertex 0.07375000000000001 2.1 0.0131
  endloop
endfacet
facet normal -1 0 0
  outer loop
    vertex 0.07375000000000001 2.1 0.0131
    vertex 0.07375000000000001 2.1 0.05873333333323927
    vertex 0.07375000000000001 2.25 0.05873333333323927
  endloop
endfacet
facet normal -1 0 0
  outer loop
    vertex 0.07375000000000001 2.1 0.0131
    vertex 0.07375000000000001 2.25 0.05873333333323927
    vertex 0.07375000000000001 2.25 0.0131
  endloop
endfacet
facet normal -1 0 0
  outer loop
    vertex 0.07375000000000001 2.25 0.0131
    vertex 0.07375000000000001 2.25 0.05873333333323927
    vertex 0.07375000000000001 2.4 0.05873333333323927
  endloop
endfacet
facet normal -1 0 0
  outer loop
    vertex 0.07375000000000001 2.25 0.0131
    vertex 0.07375000000000001 2.4 0.05873333333323927
    vertex 0.07375000000000001 2.4 0.0131
  endloop
endfacet
facet normal -1 0 0
  outer loop
    vertex 0.07375000000000001 2.4 0.0131
    vertex 0.07375000000000001 2.4 0.05873333333323927
    vertex 0.07375000000000001 2.55 0.05873333333323927
  endloop
endfacet
facet normal -1 0 0
  outer loop
    vertex 0.07375000000000001 2.4 0.0131
    vertex 0.07375000000000001 2.55 0.05873333333323927
    vertex 0.07375000000000001 2.55 0.0131
  endloop
endfacet
facet normal -1 0 0
  outer loop
    vertex 0.07375000000000001 2.55 0.0131
    vertex 0.07375000000000001 2.55 0.05873333333323927
    vertex 0.07375000000000001 2.7 0.05873333333323927
  endloop
endfacet
facet normal -1 0 0
  outer loop
    vertex 0.07375000000000001 2.55 0.0131
    vertex 0.07375000000000001 2.7 0.05873333333323927
    vertex 0.07375000000000001 2.7 0.0131
  endloop
endfacet
facet normal -1 0 0
  outer loop
    vertex 0.07375000000000001 2.7 0.0131
    vertex 0.07375000000000001 2.7 0.05873333333323927
    vertex 0.07375000000000001 2.85 0.05873333333323927
  endloop
endfacet
facet normal -1 0 0
  outer loop
    vertex 0.07375000000000001 2.7 0.0131
    vertex 0.07375000000000001 2.85 0.05873333333323927
    vertex 0.07375000000000001 2.85 0.0131
  endloop
endfacet
facet normal -1 0 0
  outer loop
    vertex 0.07375000000000001 2.85 0.0131
    vertex 0.07375000000000001 2.85 0.05873333333323927
    vertex 0.07375000000000001 3 0.05873333333323927
  endloop
endfacet
facet normal -1 0 0
  outer loop
    vertex 0.07375000000000001 2.85 0.0131
    vertex 0.07375000000000001 3 0.05873333333323927
    vertex 0.07375000000000001 3 0.0131
  endloop
endfacet
facet normal -1 0 0
  outer loop
    vertex 0.07375000000000001 0 0.05873333333323927
    vertex 0.07375000000000001 0 0.1043666666664493
    vertex 0.07375000000000001 0.15 0.1043666666664493
  endloop
endfacet
facet normal -1 0 0
  outer loop
    vertex 0.07375000000000001 0 0.05873333333323927
    vertex 0.07375000000000001 0.15 0.1043666666664493
    vertex 0.07375000000000001 0.15 0.05873333333323927
  endloop
endfacet
facet normal -1 0 0
  outer loop
    vertex 0.07375000000000001 0.15 0.05873333333323927
    vertex 0.07375000000000001 0.15 0.1043666666664493
    vertex 0.07375000000000001 0.3 0.1043666666664493
  endloop
endfacet
facet normal -1 0 0
  outer loop
    vertex 0.07375000000000001 0.15 0.05873333333323927
    vertex 0.07375000000000001 0.3 0.1043666666664493
    vertex 0.07375000000000001 0.3 0.05873333333323927
  endloop
endfacet
facet normal -1 0 0
  outer loop
    vertex 0.07375000000000001 0.3 0.05873333333323927
    vertex 0.07375000000000001 0.3 0.1043666666664493
    vertex 0.07375000000000001 0.45 0.1043666666664493
  endloop
endfacet
facet normal -1 0 0
  outer loop
    vertex 0.07375000000000001 0.3 0.05873333333323927
    vertex 0.07375000000000001 0.45 0.1043666666664493
    vertex 0.07375000000000001 0.45 0.05873333333323927
  endloop
endfacet
facet normal -1 0 0
  outer loop
    vertex 0.07375000000000001 0.45 0.05873333333323927
    vertex 0.07375000000000001 0.45 0.1043666666664493
    vertex 0.07375000000000001 0.6000000000000001 0.1043666666664493
  endloop
endfacet
facet normal -1 0 0
  outer loop
    vertex 0.07375000000000001 0.45 0.05873333333323927
    vertex 0.07375000000000001 0.6000000000000001 0.1043666666664493
    vertex 0.07375000000000001 0.6000000000000001 0.05873333333323927
  endloop
endfacet
facet normal -1 0 0
  outer loop
    vertex 0.07375000000000001 0.6000000000000001 0.05873333333323927
    vertex 0.07375000000000001 0.6000000000000001 0.1043666666664493
    vertex 0.07375000000000001 0.75 0.1043666666664493
  endloop
endfacet
facet normal -1 0 0
  outer loop
    vertex 0.07375000000000001 0.6000000000000001 0.05873333333323927
    vertex 0.07375000000000001 0.75 0.1043666666664493
    vertex 0.07375000000000001 0.75 0.05873333333323927
  endloop
endfacet
facet normal -1 0 0
  outer loop
    vertex 0.07375000000000001 0.75 0.05873333333323927
    vertex 0.07375000000000001 0.75 0.1043666666664493
    vertex 0.07375000000000001 0.8999999999999999 0.1043666666664493
  endloop
endfacet
facet normal -1 0 0
  outer loop
    vertex 0.07375000000000001 0.75 0.05873333333323927
    vertex 0.07375000000000001 0.8999999999999999 0.1043666666664493
    vertex 0.07375000000000001 0.8999999999999999 0.05873333333323927
  endloop
endfacet
facet normal -1 0 0
  outer loop
    vertex 0.07375000000000001 0.8999999999999999 0.05873333333323927
    vertex 0.07375000000000001 0.8999999999999999 0.1043666666664493
    vertex 0.07375000000000001 1.05 0.1043666666664493
  endloop
endfacet
facet normal -1 0 0
  outer loop
    vertex 0.07375000000000001 0.8999999999999999 0.05873333333323927
    vertex 0.07375000000000001 1.05 0.1043666666664493
    vertex 0.07375000000000001 1.05 0.05873333333323927
  endloop
endfacet
facet normal -1 0 0
  outer loop
    vertex 0.07375000000000001 1.05 0.05873333333323927
    vertex 0.07375000000000001 1.05 0.1043666666664493
    vertex 0.07375000000000001 1.2 0.1043666666664493
  endloop
endfacet
facet normal -1 0 0
  outer loop
    vertex 0.07375000000000001 1.05 0.05873333333323927
    vertex 0.07375000000000001 1.2 0.1043666666664493
    vertex 0.07375000000000001 1.2 0.05873333333323927
  endloop
endfacet
facet normal -1 0 0
  outer loop
    vertex 0.07375000000000001 1.2 0.05873333333323927
    vertex 0.07375000000000001 1.2 0.1043666666664493
    vertex 0.07375000000000001 1.35 0.1043666666664493
  endloop
endfacet
facet normal -1 0 0
  outer loop
    vertex 0.07375000000000001 1.2 0.05873333333323927
    vertex 0.07375000000000001 1.35 0.1043666666664493
    vertex 0.07375000000000001 1.35 0.05873333333323927
  endloop
endfacet
facet normal -1 0 0
  outer loop
    vertex 0.07375000000000001 1.35 0.05873333333323927
    vertex 0.07375000000000001 1.35 0.1043666666664493
    vertex 0.07375000000000001 1.5 0.1043666666664493
  endloop
endfacet
facet normal -1 0 0
  outer loop
    vertex 0.07375000000000001 1.35 0.05873333333323927
    vertex 0.07375000000000001 1.5 0.1043666666664493
    vertex 0.07375000000000001 1.5 0.05873333333323927
  endloop
endfacet
facet normal -1 0 0
  outer loop
    vertex 0.07375000000000001 1.5 0.05873333333323927
    vertex 0.07375000000000001 1.5 0.1043666666664493
    vertex 0.07375000000000001 1.65 0.1043666666664493
  endloop
endfacet
facet normal -1 0 0
  outer loop
    vertex 0.07375000000000001 1.5 0.05873333333323927
    vertex 0.07375000000000001 1.65 0.1043666666664493
    vertex 0.07375000000000001 1.65 0.05873333333323927
  endloop
endfacet
facet normal -1 0 0
  outer loop
    vertex 0.07375000000000001 1.65 0.05873333333323927
    vertex 0.07375000000000001 1.65 0.1043666666664493
    vertex 0.07375000000000001 1.8 0.1043666666664493
  endloop
endfacet
facet normal -1 0 0
  outer loop
    vertex 0.07375000000000001 1.65 0.05873333333323927
    vertex 0.07375000000000001 1.8 0.1043666666664493
    vertex 0.07375000000000001 1.8 0.05873333333323927
  endloop
endfacet
facet normal -1 0 0
  outer loop
    vertex 0.07375000000000001 1.8 0.05873333333323927
    vertex 0.07375000000000001 1.8 0.1043666666664493
    vertex 0.07375000000000001 1.95 0.1043666666664493
  endloop
endfacet
facet normal -1 0 0
  outer loop
    vertex 0.07375000000000001 1.8 0.05873333333323927
    vertex 0.07375000000000001 1.95 0.1043666666664493
    vertex 0.07375000000000001 1.95 0.05873333333323927
  endloop
endfacet
facet normal -1 0 0
  outer loop
    vertex 0.07375000000000001 1.95 0.05873333333323927
    vertex 0.07375000000000001 1.95 0.1043666666664493
    vertex 0.07375000000000001 2.1 0.1043666666664493
  endloop
endfacet
facet normal -1 0 0
  outer loop
    vertex 0.07375000000000001 1.95 0.05873333333323927
    vertex 0.07375000000000001 2.1 0.1043666666664493
    vertex 0.07375000000000001 2.1 0.05873333333323927
  endloop
endfacet
facet normal -1 0 0
  outer loop
    vertex 0.07375000000000001 2.1 0.05873333333323927
    vertex 0.07375000000000001 2.1 0.1043666666664493
    vertex 0.07375000000000001 2.25 0.1043666666664493
  endloop
endfacet
facet normal -1 0 0
  outer loop
    vertex 0.07375000000000001 2.1 0.05873333333323927
    vertex 0.07375000000000001 2.25 0.1043666666664493
    vertex 0.07375000000000001 2.25 0.05873333333323927
  endloop
endfacet
facet normal -1 0 0
  outer loop
    vertex 0.07375000000000001 2.25 0.05873333333323927
    vertex 0.07375000000000001 2.25 0.1043666666664493
    vertex 0.07375000000000001 2.4 0.1043666666664493
  endloop
endfacet
facet normal -1 0 0
  outer loop
    vertex 0.07375000000000001 2.25 0.05873333333323927
    vertex 0.07375000000000001 2.4 0.1043666666664493
    vertex 0.07375000000000001 2.4 0.05873333333323927
  endloop
endfacet
facet normal -1 0 0
  outer loop
    vertex 0.07375000000000001 2.4 0.05873333333323927
    vertex 0.07375000000000001 2.4 0.1043666666664493
    vertex 0.07375000000000001 2.55 0.1043666666664493
  endloop
endfacet
facet normal -1 0 0
  outer loop
    vertex 0.07375000000000001 2.4 0.05873333333323927
    vertex 0.07375000000000001 2.55 0.1043666666664493
    vertex 0.07375000000000001 2.55 0.05873333333323927
  endloop
endfacet
facet normal -1 0 0
  outer loop
    vertex 0.07375000000000001 2.55 0.05873333333323927
    vertex 0.07375000000000001 2.55 0.1043666666664493
    vertex 0.07375000000000001 2.7 0.1043666666664493
  endloop
endfacet
facet normal -1 0 0
  outer loop
    vertex 0.07375000000000001 2.55 0.05873333333323927
    vertex 0.07375000000000001 2.7 0.1043666666664493
    vertex 0.07375000000000001 2.7 0.05873333333323927
  endloop
endfacet
facet normal -1 0 0
  outer loop
    vertex 0.07375000000000001 2.7 0.05873333333323927
    vertex 0.07375000000000001 2.7 0.1043666666664493
    vertex 0.07375000000000001 2.85 0.1043666666664493
  endloop
endfacet
facet normal -1 0 0
  outer loop
    vertex 0.07375000000000001 2.7 0.05873333333323927
    vertex 0.07375000000000001 2.85 0.1043666666664493
    vertex 0.07375000000000001 2.85 0.05873333333323927
  endloop
endfacet
facet normal -1 0 0
  outer loop
    vertex 0.07375000000000001 2.85 0.05873333333323927
    vertex 0.07375000000000001 2.85 0.1043666666664493
    vertex 0.07375000000000001 3 0.1043666666664493
  endloop
endfacet
facet normal -1 0 0
  outer loop
    vertex 0.07375000000000001 2.85 0.05873333333323927
    vertex 0.07375000000000001 3 0.1043666666664493
    vertex 0.07375000000000001 3 0.05873333333323927
  endloop
endfacet
facet normal -1 0 0
  outer loop
    vertex 0.07375000000000001 0 0.1043666666664493
    vertex 0.07375000000000001 0 0.149999999999654
    vertex 0.07375000000000001 0.15 0.149999999999654
  endloop
endfacet
facet normal -1 0 0
  outer loop
    vertex 0.07375000000000001 0 0.1043666666664493
    vertex 0.07375000000000001 0.15 0.149999999999654
    vertex 0.07375000000000001 0.15 0.1043666666664493
  endloop
endfacet
facet normal -1 0 0
  outer loop
    vertex 0.07375000000000001 0.15 0.1043666666664493
    vertex 0.07375000000000001 0.15 0.149999999999654
    vertex 0.07375000000000001 0.3 0.149999999999654
  endloop
endfacet
facet normal -1 0 0
  outer loop
    vertex 0.07375000000000001 0.15 0.1043666666664493
    vertex 0.07375000000000001 0.3 0.149999999999654
    vertex 0.07375000000000001 0.3 0.1043666666664493
  endloop
endfacet
facet normal -1 0 0
  outer loop
    vertex 0.07375000000000001 0.3 0.1043666666664493
    vertex 0.07375000000000001 0.3 0.149999999999654
    vertex 0.07375000000000001 0.45 0.149999999999654
  endloop
endfacet
facet normal -1 0 0
  outer loop
    vertex 0.07375000000000001 0.3 0.1043666666664493
    vertex 0.07375000000000001 0.45 0.149999999999654
    vertex 0.07375000000000001 0.45 0.1043666666664493
  endloop
endfacet
facet normal -1 0 0
  outer loop
    vertex 0.07375000000000001 0.45 0.1043666666664493
    vertex 0.07375000000000001 0.45 0.149999999999654
    vertex 0.07375000000000001 0.6000000000000001 0.149999999999654
  endloop
endfacet
facet normal -1 0 0
  outer loop
    vertex 0.07375000000000001 0.45 0.1043666666664493
    vertex 0.07375000000000001 0.6000000000000001 0.149999999999654
    vertex 0.07375000000000001 0.6000000000000001 0.1043666666664493
  endloop
endfacet
facet normal -1 0 0
  outer loop
    vertex 0.07375000000000001 0.6000000000000001 0.1043666666664493
    vertex 0.07375000000000001 0.6000000000000001 0.149999999999654
    vertex 0.07375000000000001 0.75 0.149999999999654
  endloop
endfacet
facet normal -1 0 0
  outer loop
    vertex 0.07375000000000001 0.6000000000000001 0.1043666666664493
    vertex 0.07375000000000001 0.75 0.149999999999654
    vertex 0.07375000000000001 0.75 0.1043666666664493
  endloop
endfacet
facet normal -1 0 0
  outer loop
    vertex 0.07375000000000001 0.75 0.1043666666664493
    vertex 0.07375000000000001 0.75 0.149999999999654
    vertex 0.07375000000000001 0.8999999999999999 0.149999999999654
  endloop
endfacet
facet normal -1 0 0
  outer loop
    vertex 0.07375000000000001 0.75 0.1043666666664493
    vertex 0.07375000000000001 0.8999999999999999 0.149999999999654
    vertex 0.07375000000000001 0.8999999999999999 0.1043666666664493
  endloop
endfacet
facet normal -1 0 0
  outer loop
    vertex 0.07375000000000001 0.8999999999999999 0.1043666666664493
    vertex 0.07375000000000001 0.8999999999999999 0.149999999999654
    vertex 0.07375000000000001 1.05 0.149999999999654
  endloop
endfacet
facet normal -1 0 0
  outer loop
    vertex 0.07375000000000001 0.8999999999999999 0.1043666666664493
    vertex 0.07375000000000001 1.05 0.149999999999654
    vertex 0.07375000000000001 1.05 0.1043666666664493
  endloop
endfacet
facet normal -1 0 0
  outer loop
    vertex 0.07375000000000001 1.05 0.1043666666664493
    vertex 0.07375000000000001 1.05 0.149999999999654
    vertex 0.07375000000000001 1.2 0.149999999999654
  endloop
endfacet
facet normal -1 0 0
  outer loop
    vertex 0.07375000000000001 1.05 0.1043666666664493
    vertex 0.07375000000000001 1.2 0.149999999999654
    vertex 0.07375000000000001 1.2 0.1043666666664493
  endloop
endfacet
facet normal -1 0 0
  outer loop
    vertex 0.07375000000000001 1.2 0.1043666666664493
    vertex 0.07375000000000001 1.2 0.149999999999654
    vertex 0.07375000000000001 1.35 0.149999999999654
  endloop
endfacet
facet normal -1 0 0
  outer loop
    vertex 0.07375000000000001 1.2 0.1043666666664493
    vertex 0.07375000000000001 1.35 0.149999999999654
    vertex 0.07375000000000001 1.35 0.1043666666664493
  endloop
endfacet
facet normal -1 0 0
  outer loop
    vertex 0.07375000000000001 1.35 0.1043666666664493
    vertex 0.07375000000000001 1.35 0.149999999999654
    vertex 0.07375000000000001 1.5 0.149999999999654
  endloop
endfacet
facet normal -1 0 0
  outer loop
    vertex 0.07375000000000001 1.35 0.1043666666664493
    vertex 0.07375000000000001 1.5 0.149999999999654
    vertex 0.07375000000000001 1.5 0.1043666666664493
  endloop
endfacet
facet normal -1 0 0
  outer loop
    vertex 0.07375000000000001 1.5 0.1043666666664493
    vertex 0.07375000000000001 1.5 0.149999999999654
    vertex 0.07375000000000001 1.65 0.149999999999654
  endloop
endfacet
facet normal -1 0 0
  outer loop
    vertex 0.07375000000000001 1.5 0.1043666666664493
    vertex 0.07375000000000001 1.65 0.149999999999654
    vertex 0.07375000000000001 1.65 0.1043666666664493
  endloop
endfacet
facet normal -1 0 0
  outer loop
    vertex 0.07375000000000001 1.65 0.1043666666664493
    vertex 0.07375000000000001 1.65 0.149999999999654
    vertex 0.07375000000000001 1.8 0.149999999999654
  endloop
endfacet
facet normal -1 0 0
  outer loop
    vertex 0.07375000000000001 1.65 0.1043666666664493
    vertex 0.07375000000000001 1.8 0.149999999999654
    vertex 0.07375000000000001 1.8 0.1043666666664493
  endloop
endfacet
facet normal -1 0 0
  outer loop
    vertex 0.07375000000000001 1.8 0.1043666666664493
    vertex 0.07375000000000001 1.8 0.149999999999654
    vertex 0.07375000000000001 1.95 0.149999999999654
  endloop
endfacet
facet normal -1 0 0
  outer loop
    vertex 0.07375000000000001 1.8 0.1043666666664493
    vertex 0.07375000000000001 1.95 0.149999999999654
    vertex 0.07375000000000001 1.95 0.1043666666664493
  endloop
endfacet
facet normal -1 0 0
  outer loop
    vertex 0.07375000000000001 1.95 0.1043666666664493
    vertex 0.07375000000000001 1.95 0.149999999999654
    vertex 0.07375000000000001 2.1 0.149999999999654
  endloop
endfacet
facet normal -1 0 0
  outer loop
    vertex 0.07375000000000001 1.95 0.1043666666664493
    vertex 0.07375000000000001 2.1 0.149999999999654
    vertex 0.07375000000000001 2.1 0.1043666666664493
  endloop
endfacet
facet normal -1 0 0
  outer loop
    vertex 0.07375000000000001 2.1 0.1043666666664493
    vertex 0.07375000000000001 2.1 0.149999999999654
    vertex 0.07375000000000001 2.25 0.149999999999654
  endloop
endfacet
facet normal -1 0 0
  outer loop
    vertex 0.07375000000000001 2.1 0.1043666666664493
    vertex 0.07375000000000001 2.25 0.149999999999654
    vertex 0.07375000000000001 2.25 0.1043666666664493
  endloop
endfacet
facet normal -1 0 0
  outer loop
    vertex 0.07375000000000001 2.25 0.1043666666664493
    vertex 0.07375000000000001 2.25 0.149999999999654
    vertex 0.07375000000000001 2.4 0.149999999999654
  endloop
endfacet
facet normal -1 0 0
  outer loop
    vertex 0.07375000000000001 2.25 0.1043666666664493
    vertex 0.07375000000000001 2.4 0.149999999999654
    vertex 0.07375000000000001 2.4 0.1043666666664493
  endloop
endfacet
facet normal -1 0 0
  outer loop
    vertex 0.07375000000000001 2.4 0.1043666666664493
    vertex 0.07375000000000001 2.4 0.149999999999654
    vertex 0.07375000000000001 2.55 0.149999999999654
  endloop
endfacet
facet normal -1 0 0
  outer loop
    vertex 0.07375000000000001 2.4 0.1043666666664493
    vertex 0.07375000000000001 2.55 0.149999999999654
    vertex 0.07375000000000001 2.55 0.1043666666664493
  endloop
endfacet
facet normal -1 0 0
  outer loop
    vertex 0.07375000000000001 2.55 0.1043666666664493
    vertex 0.07375000000000001 2.55 0.149999999999654
    vertex 0.07375000000000001 2.7 0.149999999999654
  endloop
endfacet
facet normal -1 0 0
  outer loop
    vertex 0.07375000000000001 2.55 0.1043666666664493
    vertex 0.07375000000000001 2.7 0.149999999999654
    vertex 0.07375000000000001 2.7 0.1043666666664493
  endloop
endfacet
facet normal -1 0 0
  outer loop
    vertex 0.07375000000000001 2.7 0.1043666666664493
    vertex 0.07375000000000001 2.7 0.149999999999654
    vertex 0.07375000000000001 2.85 0.149999999999654
  endloop
endfacet
facet normal -1 0 0
  outer loop
    vertex 0.07375000000000001 2.7 0.1043666666664493
    vertex 0.07375000000000001 2.85 0.149999999999654
    vertex 0.07375000000000001 2.85 0.1043666666664493
  endloop
endfacet
facet normal -1 0 0
  outer loop
    vertex 0.07375000000000001 2.85 0.1043666666664493
    vertex 0.07375000000000001 2.85 0.149999999999654
    vertex 0.07375000000000001 3 0.149999999999654
  endloop
endfacet
facet normal -1 0 0
  outer loop
    vertex 0.07375000000000001 2.85 0.1043666666664493
    vertex 0.07375000000000001 3 0.149999999999654
    vertex 0.07375000000000001 3 0.1043666666664493
  endloop
endfacet
facet normal -1 0 0
  outer loop
    vertex 0.07375000000000001 0 0.149999999999654
    vertex 0.07375000000000001 0 0.1956333333331007
    vertex 0.07375000000000001 0.15 0.1956333333331007
  endloop
endfacet
facet normal -1 0 0
  outer loop
    vertex 0.07375000000000001 0 0.149999999999654
    vertex 0.07375000000000001 0.15 0.1956333333331007
    vertex 0.07375000000000001 0.15 0.149999999999654
  endloop
endfacet
facet normal -1 0 0
  outer loop
    vertex 0.07375000000000001 0.15 0.149999999999654
    vertex 0.07375000000000001 0.15 0.1956333333331007
    vertex 0.07375000000000001 0.3 0.1956333333331007
  endloop
endfacet
facet normal -1 0 0
  outer loop
    vertex 0.07375000000000001 0.15 0.149999999999654
    vertex 0.07375000000000001 0.3 0.1956333333331007
    vertex 0.07375000000000001 0.3 0.149999999999654
  endloop
endfacet
facet normal -1 0 0
  outer loop
    vertex 0.07375000000000001 0.3 0.149999999999654
    vertex 0.07375000000000001 0.3 0.1956333333331007
    vertex 0.07375000000000001 0.45 0.1956333333331007
  endloop
endfacet
facet normal -1 0 0
  outer loop
    vertex 0.07375000000000001 0.3 0.149999999999654
    vertex 0.07375000000000001 0.45 0.1956333333331007
    vertex 0.07375000000000001 0.45 0.149999999999654
  endloop
endfacet
facet normal -1 0 0
  outer loop
    vertex 0.07375000000000001 0.45 0.149999999999654
    vertex 0.07375000000000001 0.45 0.1956333333331007
    vertex 0.07375000000000001 0.6000000000000001 0.1956333333331007
  endloop
endfacet
facet normal -1 0 0
  outer loop
    vertex 0.07375000000000001 0.45 0.149999999999654
    vertex 0.07375000000000001 0.6000000000000001 0.1956333333331007
    vertex 0.07375000000000001 0.6000000000000001 0.149999999999654
  endloop
endfacet
facet normal -1 0 0
  outer loop
    vertex 0.07375000000000001 0.6000000000000001 0.149999999999654
    vertex 0.07375000000000001 0.6000000000000001 0.1956333333331007
    vertex 0.07375000000000001 0.75 0.1956333333331007
  endloop
endfacet
facet normal -1 0 0
  outer loop
    vertex 0.07375000000000001 0.6000000000000001 0.149999999999654
    vertex 0.07375000000000001 0.75 0.1956333333331007
    vertex 0.07375000000000001 0.75 0.149999999999654
  endloop
endfacet
facet normal -1 0 0
  outer loop
    vertex 0.07375000000000001 0.75 0.149999999999654
    vertex 0.07375000000000001 0.75 0.1956333333331007
    vertex 0.07375000000000001 0.8999999999999999 0.1956333333331007
  endloop
endfacet
facet normal -1 0 0
  outer loop
    vertex 0.07375000000000001 0.75 0.149999999999654
    vertex 0.07375000000000001 0.8999999999999999 0.1956333333331007
    vertex 0.07375000000000001 0.8999999999999999 0.149999999999654
  endloop
endfacet
facet normal -1 0 0
  outer loop
    vertex 0.07375000000000001 0.8999999999999999 0.149999999999654
    vertex 0.07375000000000001 0.8999999999999999 0.1956333333331007
    vertex 0.07375000000000001 1.05 0.1956333333331007
  endloop
endfacet
facet normal -1 0 0
  outer loop
    vertex 0.07375000000000001 0.8999999999999999 0.149999999999654
    vertex 0.07375000000000001 1.05 0.1956333333331007
    vertex 0.07375000000000001 1.05 0.149999999999654
  endloop
endfacet
facet normal -1 0 0
  outer loop
    vertex 0.07375000000000001 1.05 0.149999999999654
    vertex 0.07375000000000001 1.05 0.1956333333331007
    vertex 0.07375000000000001 1.2 0.1956333333331007
  endloop
endfacet
facet normal -1 0 0
  outer loop
    vertex 0.07375000000000001 1.05 0.149999999999654
    vertex 0.07375000000000001 1.2 0.1956333333331007
    vertex 0.07375000000000001 1.2 0.149999999999654
  endloop
endfacet
facet normal -1 0 0
  outer loop
    vertex 0.07375000000000001 1.2 0.149999999999654
    vertex 0.07375000000000001 1.2 0.1956333333331007
    vertex 0.07375000000000001 1.35 0.1956333333331007
  endloop
endfacet
facet normal -1 0 0
  outer loop
    vertex 0.07375000000000001 1.2 0.149999999999654
    vertex 0.07375000000000001 1.35 0.1956333333331007
    vertex 0.07375000000000001 1.35 0.149999999999654
  endloop
endfacet
facet normal -1 0 0
  outer loop
    vertex 0.07375000000000001 1.35 0.149999999999654
    vertex 0.07375000000000001 1.35 0.1956333333331007
    vertex 0.07375000000000001 1.5 0.1956333333331007
  endloop
endfacet
facet normal -1 0 0
  outer loop
    vertex 0.07375000000000001 1.35 0.149999999999654
    vertex 0.07375000000000001 1.5 0.1956333333331007
    vertex 0.07375000000000001 1.5 0.149999999999654
  endloop
endfacet
facet normal -1 0 0
  outer loop
    vertex 0.07375000000000001 1.5 0.149999999999654
    vertex 0.07375000000000001 1.5 0.1956333333331007
    vertex 0.07375000000000001 1.65 0.1956333333331007
  endloop
endfacet
facet normal -1 0 0
  outer loop
    vertex 0.07375000000000001 1.5 0.149999999999654
    vertex 0.07375000000000001 1.65 0.1956333333331007
    vertex 0.07375000000000001 1.65 0.149999999999654
  endloop
endfacet
facet normal -1 0 0
  outer loop
    vertex 0.07375000000000001 1.65 0.149999999999654
    vertex 0.07375000000000001 1.65 0.1956333333331007
    vertex 0.07375000000000001 1.8 0.1956333333331007
  endloop
endfacet
facet normal -1 0 0
  outer loop
    vertex 0.07375000000000001 1.65 0.149999999999654
    vertex 0.07375000000000001 1.8 0.1956333333331007
    vertex 0.07375000000000001 1.8 0.149999999999654
  endloop
endfacet
facet normal -1 0 0
  outer loop
    vertex 0.07375000000000001 1.8 0.149999999999654
    vertex 0.07375000000000001 1.8 0.1956333333331007
    vertex 0.07375000000000001 1.95 0.1956333333331007
  endloop
endfacet
facet normal -1 0 0
  outer loop
    vertex 0.07375000000000001 1.8 0.149999999999654
    vertex 0.07375000000000001 1.95 0.1956333333331007
    vertex 0.07375000000000001 1.95 0.149999999999654
  endloop
endfacet
facet normal -1 0 0
  outer loop
    vertex 0.07375000000000001 1.95 0.149999999999654
    vertex 0.07375000000000001 1.95 0.1956333333331007
    vertex 0.07375000000000001 2.1 0.1956333333331007
  endloop
endfacet
facet normal -1 0 0
  outer loop
    vertex 0.07375000000000001 1.95 0.149999999999654
    vertex 0.07375000000000001 2.1 0.1956333333331007
    vertex 0.07375000000000001 2.1 0.149999999999654
  endloop
endfacet
facet normal -1 0 0
  outer loop
    vertex 0.07375000000000001 2.1 0.149999999999654
    vertex 0.07375000000000001 2.1 0.1956333333331007
    vertex 0.07375000000000001 2.25 0.1956333333331007
  endloop
endfacet
facet normal -1 0 0
  outer loop
    vertex 0.07375000000000001 2.1 0.149999999999654
    vertex 0.07375000000000001 2.25 0.1956333333331007
    vertex 0.07375000000000001 2.25 0.149999999999654
  endloop
endfacet
facet normal -1 0 0
  outer loop
    vertex 0.07375000000000001 2.25 0.149999999999654
    vertex 0.07375000000000001 2.25 0.1956333333331007
    vertex 0.07375000000000001 2.4 0.1956333333331007
  endloop
endfacet
facet normal -1 0 0
  outer loop
    vertex 0.07375000000000001 2.25 0.149999999999654
    vertex 0.07375000000000001 2.4 0.1956333333331007
    vertex 0.07375000000000001 2.4 0.149999999999654
  endloop
endfacet
facet normal -1 0 0
  outer loop
    vertex 0.07375000000000001 2.4 0.149999999999654
    vertex 0.07375000000000001 2.4 0.1956333333331007
    vertex 0.07375000000000001 2.55 0.1956333333331007
  endloop
endfacet
facet normal -1 0 0
  outer loop
    vertex 0.07375000000000001 2.4 0.149999999999654
    vertex 0.07375000000000001 2.55 0.1956333333331007
    vertex 0.07375000000000001 2.55 0.149999999999654
  endloop
endfacet
facet normal -1 0 0
  outer loop
    vertex 0.07375000000000001 2.55 0.149999999999654
    vertex 0.07375000000000001 2.55 0.1956333333331007
    vertex 0.07375000000000001 2.7 0.1956333333331007
  endloop
endfacet
facet normal -1 0 0
  outer loop
    vertex 0.07375000000000001 2.55 0.149999999999654
    vertex 0.07375000000000001 2.7 0.1956333333331007
    vertex 0.07375000000000001 2.7 0.149999999999654
  endloop
endfacet
facet normal -1 0 0
  outer loop
    vertex 0.07375000000000001 2.7 0.149999999999654
    vertex 0.07375000000000001 2.7 0.1956333333331007
    vertex 0.07375000000000001 2.85 0.1956333333331007
  endloop
endfacet
facet normal -1 0 0
  outer loop
    vertex 0.07375000000000001 2.7 0.149999999999654
    vertex 0.07375000000000001 2.85 0.1956333333331007
    vertex 0.07375000000000001 2.85 0.149999999999654
  endloop
endfacet
facet normal -1 0 0
  outer loop
    vertex 0.07375000000000001 2.85 0.149999999999654
    vertex 0.07375000000000001 2.85 0.1956333333331007
    vertex 0.07375000000000001 3 0.1956333333331007
  endloop
endfacet
facet normal -1 0 0
  outer loop
    vertex 0.07375000000000001 2.85 0.149999999999654
    vertex 0.07375000000000001 3 0.1956333333331007
    vertex 0.07375000000000001 3 0.149999999999654
  endloop
endfacet
facet normal -1 0 0
  outer loop
    vertex 0.07375000000000001 0 0.1956333333331007
    vertex 0.07375000000000001 0 0.2412666666665694
    vertex 0.07375000000000001 0.15 0.2412666666665694
  endloop
endfacet
facet normal -1 0 0
  outer loop
    vertex 0.07375000000000001 0 0.1956333333331007
    vertex 0.07375000000000001 0.15 0.2412666666665694
    vertex 0.07375000000000001 0.15 0.1956333333331007
  endloop
endfacet
facet normal -1 0 0
  outer loop
    vertex 0.07375000000000001 0.15 0.1956333333331007
    vertex 0.07375000000000001 0.15 0.2412666666665694
    vertex 0.07375000000000001 0.3 0.2412666666665694
  endloop
endfacet
facet normal -1 0 0
  outer loop
    vertex 0.07375000000000001 0.15 0.1956333333331007
    vertex 0.07375000000000001 0.3 0.2412666666665694
    vertex 0.07375000000000001 0.3 0.1956333333331007
  endloop
endfacet
facet normal -1 0 0
  outer loop
    vertex 0.07375000000000001 0.3 0.1956333333331007
    vertex 0.07375000000000001 0.3 0.2412666666665694
    vertex 0.07375000000000001 0.45 0.2412666666665694
  endloop
endfacet
facet normal -1 0 0
  outer loop
    vertex 0.07375000000000001 0.3 0.1956333333331007
    vertex 0.07375000000000001 0.45 0.2412666666665694
    vertex 0.07375000000000001 0.45 0.1956333333331007
  endloop
endfacet
facet normal -1 0 0
  outer loop
    vertex 0.07375000000000001 0.45 0.1956333333331007
    vertex 0.07375000000000001 0.45 0.2412666666665694
    vertex 0.07375000000000001 0.6000000000000001 0.2412666666665694
  endloop
endfacet
facet normal -1 0 0
  outer loop
    vertex 0.07375000000000001 0.45 0.1956333333331007
    vertex 0.07375000000000001 0.6000000000000001 0.2412666666665694
    vertex 0.07375000000000001 0.6000000000000001 0.1956333333331007
  endloop
endfacet
facet normal -1 0 0
  outer loop
    vertex 0.07375000000000001 0.6000000000000001 0.1956333333331007
    vertex 0.07375000000000001 0.6000000000000001 0.2412666666665694
    vertex 0.07375000000000001 0.75 0.2412666666665694
  endloop
endfacet
facet normal -1 0 0
  outer loop
    vertex 0.07375000000000001 0.6000000000000001 0.1956333333331007
    vertex 0.07375000000000001 0.75 0.2412666666665694
    vertex 0.07375000000000001 0.75 0.1956333333331007
  endloop
endfacet
facet normal -1 0 0
  outer loop
    vertex 0.07375000000000001 0.75 0.1956333333331007
    vertex 0.07375000000000001 0.75 0.2412666666665694
    vertex 0.07375000000000001 0.8999999999999999 0.2412666666665694
  endloop
endfacet
facet normal -1 0 0
  outer loop
    vertex 0.07375000000000001 0.75 0.1956333333331007
    vertex 0.07375000000000001 0.8999999999999999 0.2412666666665694
    vertex 0.07375000000000001 0.8999999999999999 0.1956333333331007
  endloop
endfacet
facet normal -1 0 0
  outer loop
    vertex 0.07375000000000001 0.8999999999999999 0.1956333333331007
    vertex 0.07375000000000001 0.8999999999999999 0.2412666666665694
    vertex 0.07375000000000001 1.05 0.2412666666665694
  endloop
endfacet
facet normal -1 0 0
  outer loop
    vertex 0.07375000000000001 0.8999999999999999 0.1956333333331007
    vertex 0.07375000000000001 1.05 0.2412666666665694
    vertex 0.07375000000000001 1.05 0.1956333333331007
  endloop
endfacet
facet normal -1 0 0
  outer loop
    vertex 0.07375000000000001 1.05 0.1956333333331007
    vertex 0.07375000000000001 1.05 0.2412666666665694
    vertex 0.07375000000000001 1.2 0.2412666666665694
  endloop
endfacet
facet normal -1 0 0
  outer loop
    vertex 0.07375000000000001 1.05 0.1956333333331007
    vertex 0.07375000000000001 1.2 0.2412666666665694
    vertex 0.07375000000000001 1.2 0.1956333333331007
  endloop
endfacet
facet normal -1 0 0
  outer loop
    vertex 0.07375000000000001 1.2 0.1956333333331007
    vertex 0.07375000000000001 1.2 0.2412666666665694
    vertex 0.07375000000000001 1.35 0.2412666666665694
  endloop
endfacet
facet normal -1 0 0
  outer loop
    vertex 0.07375000000000001 1.2 0.1956333333331007
    vertex 0.07375000000000001 1.35 0.2412666666665694
    vertex 0.07375000000000001 1.35 0.1956333333331007
  endloop
endfacet
facet normal -1 0 0
  outer loop
    vertex 0.07375000000000001 1.35 0.1956333333331007
    vertex 0.07375000000000001 1.35 0.2412666666665694
    vertex 0.07375000000000001 1.5 0.2412666666665694
  endloop
endfacet
facet normal -1 0 0
  outer loop
    vertex 0.07375000000000001 1.35 0.1956333333331007
    vertex 0.07375000000000001 1.5 0.2412666666665694
    vertex 0.07375000000000001 1.5 0.1956333333331007
  endloop
endfacet
facet normal -1 0 0
  outer loop
    vertex 0.07375000000000001 1.5 0.1956333333331007
    vertex 0.07375000000000001 1.5 0.2412666666665694
    vertex 0.07375000000000001 1.65 0.2412666666665694
  endloop
endfacet
facet normal -1 0 0
  outer loop
    vertex 0.07375000000000001 1.5 0.1956333333331007
    vertex 0.07375000000000001 1.65 0.2412666666665694
    vertex 0.07375000000000001 1.65 0.1956333333331007
  endloop
endfacet
facet normal -1 0 0
  outer loop
    vertex 0.07375000000000001 1.65 0.1956333333331007
    vertex 0.07375000000000001 1.65 0.2412666666665694
    vertex 0.07375000000000001 1.8 0.2412666666665694
  endloop
endfacet
facet normal -1 0 0
  outer loop
    vertex 0.07375000000000001 1.65 0.1956333333331007
    vertex 0.07375000000000001 1.8 0.2412666666665694
    vertex 0.07375000000000001 1.8 0.1956333333331007
  endloop
endfacet
facet normal -1 0 0
  outer loop
    vertex 0.07375000000000001 1.8 0.1956333333331007
    vertex 0.07375000000000001 1.8 0.2412666666665694
    vertex 0.07375000000000001 1.95 0.2412666666665694
  endloop
endfacet
facet normal -1 0 0
  outer loop
    vertex 0.07375000000000001 1.8 0.1956333333331007
    vertex 0.07375000000000001 1.95 0.2412666666665694
    vertex 0.07375000000000001 1.95 0.1956333333331007
  endloop
endfacet
facet normal -1 0 0
  outer loop
    vertex 0.07375000000000001 1.95 0.1956333333331007
    vertex 0.07375000000000001 1.95 0.2412666666665694
    vertex 0.07375000000000001 2.1 0.2412666666665694
  endloop
endfacet
facet normal -1 0 0
  outer loop
    vertex 0.07375000000000001 1.95 0.1956333333331007
    vertex 0.07375000000000001 2.1 0.2412666666665694
    vertex 0.07375000000000001 2.1 0.1956333333331007
  endloop
endfacet
facet normal -1 0 0
  outer loop
    vertex 0.07375000000000001 2.1 0.1956333333331007
    vertex 0.07375000000000001 2.1 0.2412666666665694
    vertex 0.07375000000000001 2.25 0.2412666666665694
  endloop
endfacet
facet normal -1 0 0
  outer loop
    vertex 0.07375000000000001 2.1 0.1956333333331007
    vertex 0.07375000000000001 2.25 0.2412666666665694
    vertex 0.07375000000000001 2.25 0.1956333333331007
  endloop
endfacet
facet normal -1 0 0
  outer loop
    vertex 0.07375000000000001 2.25 0.1956333333331007
    vertex 0.07375000000000001 2.25 0.2412666666665694
    vertex 0.07375000000000001 2.4 0.2412666666665694
  endloop
endfacet
facet normal -1 0 0
  outer loop
    vertex 0.07375000000000001 2.25 0.1956333333331007
    vertex 0.07375000000000001 2.4 0.2412666666665694
    vertex 0.07375000000000001 2.4 0.1956333333331007
  endloop
endfacet
facet normal -1 0 0
  outer loop
    vertex 0.07375000000000001 2.4 0.1956333333331007
    vertex 0.07375000000000001 2.4 0.2412666666665694
    vertex 0.07375000000000001 2.55 0.2412666666665694
  endloop
endfacet
facet normal -1 0 0
  outer loop
    vertex 0.07375000000000001 2.4 0.1956333333331007
    vertex 0.07375000000000001 2.55 0.2412666666665694
    vertex 0.07375000000000001 2.55 0.1956333333331007
  endloop
endfacet
facet normal -1 0 0
  outer loop
    vertex 0.07375000000000001 2.55 0.1956333333331007
    vertex 0.07375000000000001 2.55 0.2412666666665694
    vertex 0.07375000000000001 2.7 0.2412666666665694
  endloop
endfacet
facet normal -1 0 0
  outer loop
    vertex 0.07375000000000001 2.55 0.1956333333331007
    vertex 0.07375000000000001 2.7 0.2412666666665694
    vertex 0.07375000000000001 2.7 0.1956333333331007
  endloop
endfacet
facet normal -1 0 0
  outer loop
    vertex 0.07375000000000001 2.7 0.1956333333331007
    vertex 0.07375000000000001 2.7 0.2412666666665694
    vertex 0.07375000000000001 2.85 0.2412666666665694
  endloop
endfacet
facet normal -1 0 0
  outer loop
    vertex 0.07375000000000001 2.7 0.1956333333331007
    vertex 0.07375000000000001 2.85 0.2412666666665694
    vertex 0.07375000000000001 2.85 0.1956333333331007
  endloop
endfacet
facet normal -1 0 0
  outer loop
    vertex 0.07375000000000001 2.85 0.1956333333331007
    vertex 0.07375000000000001 2.85 0.2412666666665694
    vertex 0.07375000000000001 3 0.2412666666665694
  endloop
endfacet
facet normal -1 0 0
  outer loop
    vertex 0.07375000000000001 2.85 0.1956333333331007
    vertex 0.07375000000000001 3 0.2412666666665694
    vertex 0.07375000000000001 3 0.1956333333331007
  endloop
endfacet
facet normal -1 0 0
  outer loop
    vertex 0.07375000000000001 0 0.2412666666665694
    vertex 0.07375000000000001 0 0.2869
    vertex 0.07375000000000001 0.15 0.2869
  endloop
endfacet
facet normal -1 0 0
  outer loop
    vertex 0.07375000000000001 0 0.2412666666665694
    vertex 0.07375000000000001 0.15 0.2869
    vertex 0.07375000000000001 0.15 0.2412666666665694
  endloop
endfacet
facet normal -1 0 0
  outer loop
    vertex 0.07375000000000001 0.15 0.2412666666665694
    vertex 0.07375000000000001 0.15 0.2869
    vertex 0.07375000000000001 0.3 0.2869
  endloop
endfacet
facet normal -1 0 0
  outer loop
    vertex 0.07375000000000001 0.15 0.2412666666665694
    vertex 0.07375000000000001 0.3 0.2869
    vertex 0.07375000000000001 0.3 0.2412666666665694
  endloop
endfacet
facet normal -1 0 0
  outer loop
    vertex 0.07375000000000001 0.3 0.2412666666665694
    vertex 0.07375000000000001 0.3 0.2869
    vertex 0.07375000000000001 0.45 0.2869
  endloop
endfacet
facet normal -1 0 0
  outer loop
    vertex 0.07375000000000001 0.3 0.2412666666665694
    vertex 0.07375000000000001 0.45 0.2869
    vertex 0.07375000000000001 0.45 0.2412666666665694
  endloop
endfacet
facet normal -1 0 0
  outer loop
    vertex 0.07375000000000001 0.45 0.2412666666665694
    vertex 0.07375000000000001 0.45 0.2869
    vertex 0.07375000000000001 0.6000000000000001 0.2869
  endloop
endfacet
facet normal -1 0 0
  outer loop
    vertex 0.07375000000000001 0.45 0.2412666666665694
    vertex 0.07375000000000001 0.6000000000000001 0.2869
    vertex 0.07375000000000001 0.6000000000000001 0.2412666666665694
  endloop
endfacet
facet normal -1 0 0
  outer loop
    vertex 0.07375000000000001 0.6000000000000001 0.2412666666665694
    vertex 0.07375000000000001 0.6000000000000001 0.2869
    vertex 0.07375000000000001 0.75 0.2869
  endloop
endfacet
facet normal -1 0 0
  outer loop
    vertex 0.07375000000000001 0.6000000000000001 0.2412666666665694
    vertex 0.07375000000000001 0.75 0.2869
    vertex 0.07375000000000001 0.75 0.2412666666665694
  endloop
endfacet
facet normal -1 0 0
  outer loop
    vertex 0.07375000000000001 0.75 0.2412666666665694
    vertex 0.07375000000000001 0.75 0.2869
    vertex 0.07375000000000001 0.8999999999999999 0.2869
  endloop
endfacet
facet normal -1 0 0
  outer loop
    vertex 0.07375000000000001 0.75 0.2412666666665694
    vertex 0.07375000000000001 0.8999999999999999 0.2869
    vertex 0.07375000000000001 0.8999999999999999 0.2412666666665694
  endloop
endfacet
facet normal -1 0 0
  outer loop
    vertex 0.07375000000000001 0.8999999999999999 0.2412666666665694
    vertex 0.07375000000000001 0.8999999999999999 0.2869
    vertex 0.07375000000000001 1.05 0.2869
  endloop
endfacet
facet normal -1 0 0
  outer loop
    vertex 0.07375000000000001 0.8999999999999999 0.2412666666665694
    vertex 0.07375000000000001 1.05 0.2869
    vertex 0.07375000000000001 1.05 0.2412666666665694
  endloop
endfacet
facet normal -1 0 0
  outer loop
    vertex 0.07375000000000001 1.05 0.2412666666665694
    vertex 0.07375000000000001 1.05 0.2869
    vertex 0.07375000000000001 1.2 0.2869
  endloop
endfacet
facet normal -1 0 0
  outer loop
    vertex 0.07375000000000001 1.05 0.2412666666665694
    vertex 0.07375000000000001 1.2 0.2869
    vertex 0.07375000000000001 1.2 0.2412666666665694
  endloop
endfacet
facet normal -1 0 0
  outer loop
    vertex 0.07375000000000001 1.2 0.2412666666665694
    vertex 0.07375000000000001 1.2 0.2869
    vertex 0.07375000000000001 1.35 0.2869
  endloop
endfacet
facet normal -1 0 0
  outer loop
    vertex 0.07375000000000001 1.2 0.2412666666665694
    vertex 0.07375000000000001 1.35 0.2869
    vertex 0.07375000000000001 1.35 0.2412666666665694
  endloop
endfacet
facet normal -1 0 0
  outer loop
    vertex 0.07375000000000001 1.35 0.2412666666665694
    vertex 0.07375000000000001 1.35 0.2869
    vertex 0.07375000000000001 1.5 0.2869
  endloop
endfacet
facet normal -1 0 0
  outer loop
    vertex 0.07375000000000001 1.35 0.2412666666665694
    vertex 0.07375000000000001 1.5 0.2869
    vertex 0.07375000000000001 1.5 0.2412666666665694
  endloop
endfacet
facet normal -1 0 0
  outer loop
    vertex 0.07375000000000001 1.5 0.2412666666665694
    vertex 0.07375000000000001 1.5 0.2869
    vertex 0.07375000000000001 1.65 0.2869
  endloop
endfacet
facet normal -1 0 0
  outer loop
    vertex 0.07375000000000001 1.5 0.2412666666665694
    vertex 0.07375000000000001 1.65 0.2869
    vertex 0.07375000000000001 1.65 0.2412666666665694
  endloop
endfacet
facet normal -1 0 0
  outer loop
    vertex 0.07375000000000001 1.65 0.2412666666665694
    vertex 0.07375000000000001 1.65 0.2869
    vertex 0.07375000000000001 1.8 0.2869
  endloop
endfacet
facet normal -1 0 0
  outer loop
    vertex 0.07375000000000001 1.65 0.2412666666665694
    vertex 0.07375000000000001 1.8 0.2869
    vertex 0.07375000000000001 1.8 0.2412666666665694
  endloop
endfacet
facet normal -1 0 0
  outer loop
    vertex 0.07375000000000001 1.8 0.2412666666665694
    vertex 0.07375000000000001 1.8 0.2869
    vertex 0.07375000000000001 1.95 0.2869
  endloop
endfacet
facet normal -1 0 0
  outer loop
    vertex 0.07375000000000001 1.8 0.2412666666665694
    vertex 0.07375000000000001 1.95 0.2869
    vertex 0.07375000000000001 1.95 0.2412666666665694
  endloop
endfacet
facet normal -1 0 0
  outer loop
    vertex 0.07375000000000001 1.95 0.2412666666665694
    vertex 0.07375000000000001 1.95 0.2869
    vertex 0.07375000000000001 2.1 0.2869
  endloop
endfacet
facet normal -1 0 0
  outer loop
    vertex 0.07375000000000001 1.95 0.2412666666665694
    vertex 0.07375000000000001 2.1 0.2869
    vertex 0.07375000000000001 2.1 0.2412666666665694
  endloop
endfacet
facet normal -1 0 0
  outer loop
    vertex 0.07375000000000001 2.1 0.2412666666665694
    vertex 0.07375000000000001 2.1 0.2869
    vertex 0.07375000000000001 2.25 0.2869
  endloop
endfacet
facet normal -1 0 0
  outer loop
    vertex 0.07375000000000001 2.1 0.2412666666665694
    vertex 0.07375000000000001 2.25 0.2869
    vertex 0.07375000000000001 2.25 0.2412666666665694
  endloop
endfacet
facet normal -1 0 0
  outer loop
    vertex 0.07375000000000001 2.25 0.2412666666665694
    vertex 0.07375000000000001 2.25 0.2869
    vertex 0.07375000000000001 2.4 0.2869
  endloop
endfacet
facet normal -1 0 0
  outer loop
    vertex 0.07375000000000001 2.25 0.2412666666665694
    vertex 0.07375000000000001 2.4 0.2869
    vertex 0.07375000000000001 2.4 0.2412666666665694
  endloop
endfacet
facet normal -1 0 0
  outer loop
    vertex 0.07375000000000001 2.4 0.2412666666665694
    vertex 0.07375000000000001 2.4 0.2869
    vertex 0.07375000000000001 2.55 0.2869
  endloop
endfacet
facet normal -1 0 0
  outer loop
    vertex 0.07375000000000001 2.4 0.2412666666665694
    vertex 0.07375000000000001 2.55 0.2869
    vertex 0.07375000000000001 2.55 0.2412666666665694
  endloop
endfacet
facet normal -1 0 0
  outer loop
    vertex 0.07375000000000001 2.55 0.2412666666665694
    vertex 0.07375000000000001 2.55 0.2869
    vertex 0.07375000000000001 2.7 0.2869
  endloop
endfacet
facet normal -1 0 0
  outer loop
    vertex 0.07375000000000001 2.55 0.2412666666665694
    vertex 0.07375000000000001 2.7 0.2869
    vertex 0.07375000000000001 2.7 0.2412666666665694
  endloop
endfacet
facet normal -1 0 0
  outer loop
    vertex 0.07375000000000001 2.7 0.2412666666665694
    vertex 0.07375000000000001 2.7 0.2869
    vertex 0.07375000000000001 2.85 0.2869
  endloop
endfacet
facet normal -1 0 0
  outer loop
    vertex 0.07375000000000001 2.7 0.2412666666665694
    vertex 0.07375000000000001 2.85 0.2869
    vertex 0.07375000000000001 2.85 0.2412666666665694
  endloop
endfacet
facet normal -1 0 0
  outer loop
    vertex 0.07375000000000001 2.85 0.2412666666665694
    vertex 0.07375000000000001 2.85 0.2869
    vertex 0.07375000000000001 3 0.2869
  endloop
endfacet
facet normal -1 0 0
  outer loop
    vertex 0.07375000000000001 2.85 0.2412666666665694
    vertex 0.07375000000000001 3 0.2869
    vertex 0.07375000000000001 3 0.2412666666665694
  endloop
endfacet
facet normal 0 0 1
  outer loop
    vertex 0.07375000000000001 0 0.2869
    vertex 0.1068749999998971 0 0.2869
    vertex 0.1068749999998971 0.15 0.2869
  endloop
endfacet
facet normal 0 0 1
  outer loop
    vertex 0.07375000000000001 0 0.2869
    vertex 0.1068749999998971 0.15 0.2869
    vertex 0.07375000000000001 0.15 0.2869
  endloop
endfacet
facet normal 0 0 1
  outer loop
    vertex 0.07375000000000001 0.15 0.2869
    vertex 0.1068749999998971 0.15 0.2869
    vertex 0.1068749999998971 0.3 0.2869
  endloop
endfacet
facet normal 0 0 1
  outer loop
    vertex 0.07375000000000001 0.15 0.2869
    vertex 0.1068749999998971 0.3 0.2869
    vertex 0.07375000000000001 0.3 0.2869
  endloop
endfacet
facet normal 0 0 1
  outer loop
    vertex 0.07375000000000001 0.3 0.2869
    vertex 0.1068749999998971 0.3 0.2869
    vertex 0.1068749999998971 0.45 0.2869
  endloop
endfacet
facet normal 0 0 1
  outer loop
    vertex 0.07375000000000001 0.3 0.2869
    vertex 0.1068749999998971 0.45 0.2869
    vertex 0.07375000000000001 0.45 0.2869
  endloop
endfacet
facet normal 0 0 1
  outer loop
    vertex 0.07375000000000001 0.45 0.2869
    vertex 0.1068749999998971 0.45 0.2869
    vertex 0.1068749999998971 0.6000000000000001 0.2869
  endloop
endfacet
facet normal 0 0 1
  outer loop
    vertex 0.07375000000000001 0.45 0.2869
    vertex 0.1068749999998971 0.6000000000000001 0.2869
    vertex 0.07375000000000001 0.6000000000000001 0.2869
  endloop
endfacet
facet normal 0 0 1
  outer loop
    vertex 0.07375000000000001 0.6000000000000001 0.2869
    vertex 0.1068749999998971 0.6000000000000001 0.2869
    vertex 0.1068749999998971 0.75 0.2869
  endloop
endfacet
facet normal 0 0 1
  outer loop
    vertex 0.07375000000000001 0.6000000000000001 0.2869
    vertex 0.1068749999998971 0.75 0.2869
    vertex 0.07375000000000001 0.75 0.2869
  endloop
endfacet
facet normal 0 0 1
  outer loop
    vertex 0.07375000000000001 0.75 0.2869
    vertex 0.1068749999998971 0.75 0.2869
    vertex 0.1068749999998971 0.8999999999999999 0.2869
  endloop
endfacet
facet normal 0 0 1
  outer loop
    vertex 0.07375000000000001 0.75 0.2869
    vertex 0.1068749999998971 0.8999999999999999 0.2869
    vertex 0.07375000000000001 0.8999999999999999 0.2869
  endloop
endfacet
facet normal 0 0 1
  outer loop
    vertex 0.07375000000000001 0.8999999999999999 0.2869
    vertex 0.1068749999998971 0.8999999999999999 0.2869
    vertex 0.1068749999998971 1.05 0.2869
  endloop
endfacet
facet normal 0 0 1
  outer loop
    vertex 0.07375000000000001 0.8999999999999999 0.2869
    vertex 0.1068749999998971 1.05 0.2869
    vertex 0.07375000000000001 1.05 0.2869
  endloop
endfacet
facet normal 0 0 1
  outer loop
    vertex 0.07375000000000001 1.05 0.2869
    vertex 0.1068749999998971 1.05 0.2869
    vertex 0.1068749999998971 1.2 0.2869
  endloop
endfacet
facet normal 0 0 1
  outer loop
    vertex 0.07375000000000001 1.05 0.2869
    vertex 0.1068749999998971 1.2 0.2869
    vertex 0.07375000000000001 1.2 0.2869
  endloop
endfacet
facet normal 0 0 1
  outer loop
    vertex 0.07375000000000001 1.2 0.2869
    vertex 0.1068749999998971 1.2 0.2869
    vertex 0.1068749999998971 1.35 0.2869
  endloop
endfacet
facet normal 0 0 1
  outer loop
    vertex 0.07375000000000001 1.2 0.2869
    vertex 0.1068749999998971 1.35 0.2869
    vertex 0.07375000000000001 1.35 0.2869
  endloop
endfacet
facet normal 0 0 1
  outer loop
    vertex 0.07375000000000001 1.35 0.2869
    vertex 0.1068749999998971 1.35 0.2869
    vertex 0.1068749999998971 1.5 0.2869
  endloop
endfacet
facet normal 0 0 1
  outer loop
    vertex 0.07375000000000001 1.35 0.2869
    vertex 0.1068749999998971 1.5 0.2869
    vertex 0.07375000000000001 1.5 0.2869
  endloop
endfacet
facet normal 0 0 1
  outer loop
    vertex 0.07375000000000001 1.5 0.2869
    vertex 0.1068749999998971 1.5 0.2869
    vertex 0.1068749999998971 1.65 0.2869
  endloop
endfacet
facet normal 0 0 1
  outer loop
    vertex 0.07375000000000001 1.5 0.2869
    vertex 0.1068749999998971 1.65 0.2869
    vertex 0.07375000000000001 1.65 0.2869
  endloop
endfacet
facet normal 0 0 1
  outer loop
    vertex 0.07375000000000001 1.65 0.2869
    vertex 0.1068749999998971 1.65 0.2869
    vertex 0.1068749999998971 1.8 0.2869
  endloop
endfacet
facet normal 0 0 1
  outer loop
    vertex 0.07375000000000001 1.65 0.2869
    vertex 0.1068749999998971 1.8 0.2869
    vertex 0.07375000000000001 1.8 0.2869
  endloop
endfacet
facet normal 0 0 1
  outer loop
    vertex 0.07375000000000001 1.8 0.2869
    vertex 0.1068749999998971 1.8 0.2869
    vertex 0.1068749999998971 1.95 0.2869
  endloop
endfacet
facet normal 0 0 1
  outer loop
    vertex 0.07375000000000001 1.8 0.2869
    vertex 0.1068749999998971 1.95 0.2869
    vertex 0.07375000000000001 1.95 0.2869
  endloop
endfacet
facet normal 0 0 1
  outer loop
    vertex 0.07375000000000001 1.95 0.2869
    vertex 0.1068749999998971 1.95 0.2869
    vertex 0.1068749999998971 2.1 0.2869
  endloop
endfacet
facet normal 0 0 1
  outer loop
    vertex 0.07375000000000001 1.95 0.2869
    vertex 0.1068749999998971 2.1 0.2869
    vertex 0.07375000000000001 2.1 0.2869
  endloop
endfacet
facet normal 0 0 1
  outer loop
    vertex 0.07375000000000001 2.1 0.2869
    vertex 0.1068749999998971 2.1 0.2869
    vertex 0.1068749999998971 2.25 0.2869
  endloop
endfacet
facet normal 0 0 1
  outer loop
    vertex 0.07375000000000001 2.1 0.2869
    vertex 0.1068749999998971 2.25 0.2869
    vertex 0.07375000000000001 2.25 0.2869
  endloop
endfacet
facet normal 0 0 1
  outer loop
    vertex 0.07375000000000001 2.25 0.2869
    vertex 0.1068749999998971 2.25 0.2869
    vertex 0.1068749999998971 2.4 0.2869
  endloop
endfacet
facet normal 0 0 1
  outer loop
    vertex 0.07375000000000001 2.25 0.2869
    vertex 0.1068749999998971 2.4 0.2869
    vertex 0.07375000000000001 2.4 0.2869
  endloop
endfacet
facet normal 0 0 1
  outer loop
    vertex 0.07375000000000001 2.4 0.2869
    vertex 0.1068749999998971 2.4 0.2869
    vertex 0.1068749999998971 2.55 0.2869
  endloop
endfacet
facet normal 0 0 1
  outer loop
    vertex 0.07375000000000001 2.4 0.2869
    vertex 0.1068749999998971 2.55 0.2869
    vertex 0.07375000000000001 2.55 0.2869
  endloop
endfacet
facet normal 0 0 1
  outer loop
    vertex 0.07375000000000001 2.55 0.2869
    vertex 0.1068749999998971 2.55 0.2869
    vertex 0.1068749999998971 2.7 0.2869
  endloop
endfacet
facet normal 0 0 1
  outer loop
    vertex 0.07375000000000001 2.55 0.2869
    vertex 0.1068749999998971 2.7 0.2869
    vertex 0.07375000000000001 2.7 0.2869
  endloop
endfacet
facet normal 0 0 1
  outer loop
    vertex 0.07375000000000001 2.7 0.2869
    vertex 0.1068749999998971 2.7 0.2869
    vertex 0.1068749999998971 2.85 0.2869
  endloop
endfacet
facet normal 0 0 1
  outer loop
    vertex 0.07375000000000001 2.7 0.2869
    vertex 0.1068749999998971 2.85 0.2869
    vertex 0.07375000000000001 2.85 0.2869
  endloop
endfacet
facet normal 0 0 1
  outer loop
    vertex 0.07375000000000001 2.85 0.2869
    vertex 0.1068749999998971 2.85 0.2869
    vertex 0.1068749999998971 3 0.2869
  endloop
endfacet
facet normal 0 0 1
  outer loop
    vertex 0.07375000000000001 2.85 0.2869
    vertex 0.1068749999998971 3 0.2869
    vertex 0.07375000000000001 3 0.2869
  endloop
endfacet
facet normal 0 0 1
  outer loop
    vertex 0.1068749999998971 0 0.2869
    vertex 0.14 0 0.2869
    vertex 0.14 0.15 0.2869
  endloop
endfacet
facet normal 0 0 1
  outer loop
    vertex 0.1068749999998971 0 0.2869
    vertex 0.14 0.15 0.2869
    vertex 0.1068749999998971 0.15 0.2869
  endloop
endfacet
facet normal 0 0 1
  outer loop
    vertex 0.1068749999998971 0.15 0.2869
    vertex 0.14 0.15 0.2869
    vertex 0.14 0.3 0.2869
  endloop
endfacet
facet normal 0 0 1
  outer loop
    vertex 0.1068749999998971 0.15 0.2869
    vertex 0.14 0.3 0.2869
    vertex 0.1068749999998971 0.3 0.2869
  endloop
endfacet
facet normal 0 0 1
  outer loop
    vertex 0.1068749999998971 0.3 0.2869
    vertex 0.14 0.3 0.2869
    vertex 0.14 0.45 0.2869
  endloop
endfacet
facet normal 0 0 1
  outer loop
    vertex 0.1068749999998971 0.3 0.2869
    vertex 0.14 0.45 0.2869
    vertex 0.1068749999998971 0.45 0.2869
  endloop
endfacet
facet normal 0 0 1
  outer loop
    vertex 0.1068749999998971 0.45 0.2869
    vertex 0.14 0.45 0.2869
    vertex 0.14 0.6000000000000001 0.2869
  endloop
endfacet
facet normal 0 0 1
  outer loop
    vertex 0.1068749999998971 0.45 0.2869
    vertex 0.14 0.6000000000000001 0.2869
    vertex 0.1068749999998971 0.6000000000000001 0.2869
  endloop
endfacet
facet normal 0 0 1
  outer loop
    vertex 0.1068749999998971 0.6000000000000001 0.2869
    vertex 0.14 0.6000000000000001 0.2869
    vertex 0.14 0.75 0.2869
  endloop
endfacet
facet normal 0 0 1
  outer loop
    vertex 0.1068749999998971 0.6000000000000001 0.2869
    vertex 0.14 0.75 0.2869
    vertex 0.1068749999998971 0.75 0.2869
  endloop
endfacet
facet normal 0 0 1
  outer loop
    vertex 0.1068749999998971 0.75 0.2869
    vertex 0.14 0.75 0.2869
    vertex 0.14 0.8999999999999999 0.2869
  endloop
endfacet
facet normal 0 0 1
  outer loop
    vertex 0.1068749999998971 0.75 0.2869
    vertex 0.14 0.8999999999999999 0.2869
    vertex 0.1068749999998971 0.8999999999999999 0.2869
  endloop
endfacet
facet normal 0 0 1
  outer loop
    vertex 0.1068749999998971 0.8999999999999999 0.2869
    vertex 0.14 0.8999999999999999 0.2869
    vertex 0.14 1.05 0.2869
  endloop
endfacet
facet normal 0 0 1
  outer loop
    vertex 0.1068749999998971 0.8999999999999999 0.2869
    vertex 0.14 1.05 0.2869
    vertex 0.1068749999998971 1.05 0.2869
  endloop
endfacet
facet normal 0 0 1
  outer loop
    vertex 0.1068749999998971 1.05 0.2869
    vertex 0.14 1.05 0.2869
    vertex 0.14 1.2 0.2869
  endloop
endfacet
facet normal 0 0 1
  outer loop
    vertex 0.1068749999998971 1.05 0.2869
    vertex 0.14 1.2 0.2869
    vertex 0.1068749999998971 1.2 0.2869
  endloop
endfacet
facet normal 0 0 1
  outer loop
    vertex 0.1068749999998971 1.2 0.2869
    vertex 0.14 1.2 0.2869
    vertex 0.14 1.35 0.2869
  endloop
endfacet
facet normal 0 0 1
  outer loop
    vertex 0.1068749999998971 1.2 0.2869
    vertex 0.14 1.35 0.2869
    vertex 0.1068749999998971 1.35 0.2869
  endloop
endfacet
facet normal 0 0 1
  outer loop
    vertex 0.1068749999998971 1.35 0.2869
    vertex 0.14 1.35 0.2869
    vertex 0.14 1.5 0.2869
  endloop
endfacet
facet normal 0 0 1
  outer loop
    vertex 0.1068749999998971 1.35 0.2869
    vertex 0.14 1.5 0.2869
    vertex 0.1068749999998971 1.5 0.2869
  endloop
endfacet
facet normal 0 0 1
  outer loop
    vertex 0.1068749999998971 1.5 0.2869
    vertex 0.14 1.5 0.2869
    vertex 0.14 1.65 0.2869
  endloop
endfacet
facet normal 0 0 1
  outer loop
    vertex 0.1068749999998971 1.5 0.2869
    vertex 0.14 1.65 0.2869
    vertex 0.1068749999998971 1.65 0.2869
  endloop
endfacet
facet normal 0 0 1
  outer loop
    vertex 0.1068749999998971 1.65 0.2869
    vertex 0.14 1.65 0.2869
    vertex 0.14 1.8 0.2869
  endloop
endfacet
facet normal 0 0 1
  outer loop
    vertex 0.1068749999998971 1.65 0.2869
    vertex 0.14 1.8 0.2869
    vertex 0.1068749999998971 1.8 0.2869
  endloop
endfacet
facet normal 0 0 1
  outer loop
    vertex 0.1068749999998971 1.8 0.2869
    vertex 0.14 1.8 0.2869
    vertex 0.14 1.95 0.2869
  endloop
endfacet
facet normal 0 0 1
  outer loop
    vertex 0.1068749999998971 1.8 0.2869
    vertex 0.14 1.95 0.2869
    vertex 0.1068749999998971 1.95 0.2869
  endloop
endfacet
facet normal 0 0 1
  outer loop
    vertex 0.1068749999998971 1.95 0.2869
    vertex 0.14 1.95 0.2869
    vertex 0.14 2.1 0.2869
  endloop
endfacet
facet normal 0 0 1
  outer loop
    vertex 0.1068749999998971 1.95 0.2869
    vertex 0.14 2.1 0.2869
    vertex 0.1068749999998971 2.1 0.2869
  endloop
endfacet
facet normal 0 0 1
  outer loop
    vertex 0.1068749999998971 2.1 0.2869
    vertex 0.14 2.1 0.2869
    vertex 0.14 2.25 0.2869
  endloop
endfacet
facet normal 0 0 1
  outer loop
    vertex 0.1068749999998971 2.1 0.2869
    vertex 0.14 2.25 0.2869
    vertex 0.1068749999998971 2.25 0.2869
  endloop
endfacet
facet normal 0 0 1
  outer loop
    vertex 0.1068749999998971 2.25 0.2869
    vertex 0.14 2.25 0.2869
    vertex 0.14 2.4 0.2869
  endloop
endfacet
facet normal 0 0 1
  outer loop
    vertex 0.1068749999998971 2.25 0.2869
    vertex 0.14 2.4 0.2869
    vertex 0.1068749999998971 2.4 0.2869
  endloop
endfacet
facet normal 0 0 1
  outer loop
    vertex 0.1068749999998971 2.4 0.2869
    vertex 0.14 2.4 0.2869
    vertex 0.14 2.55 0.2869
  endloop
endfacet
facet normal 0 0 1
  outer loop
    vertex 0.1068749999998971 2.4 0.2869
    vertex 0.14 2.55 0.2869
    vertex 0.1068749999998971 2.55 0.2869
  endloop
endfacet
facet normal 0 0 1
  outer loop
    vertex 0.1068749999998971 2.55 0.2869
    vertex 0.14 2.55 0.2869
    vertex 0.14 2.7 0.2869
  endloop
endfacet
facet normal 0 0 1
  outer loop
    vertex 0.1068749999998971 2.55 0.2869
    vertex 0.14 2.7 0.2869
    vertex 0.1068749999998971 2.7 0.2869
  endloop
endfacet
facet normal 0 0 1
  outer loop
    vertex 0.1068749999998971 2.7 0.2869
    vertex 0.14 2.7 0.2869
    vertex 0.14 2.85 0.2869
  endloop
endfacet
facet normal 0 0 1
  outer loop
    vertex 0.1068749999998971 2.7 0.2869
    vertex 0.14 2.85 0.2869
    vertex 0.1068749999998971 2.85 0.2869
  endloop
endfacet
facet normal 0 0 1
  outer loop
    vertex 0.1068749999998971 2.85 0.2869
    vertex 0.14 2.85 0.2869
    vertex 0.14 3 0.2869
  endloop
endfacet
facet normal 0 0 1
  outer loop
    vertex 0.1068749999998971 2.85 0.2869
    vertex 0.14 3 0.2869
    vertex 0.1068749999998971 3 0.2869
  endloop
endfacet
facet normal -1 0 0
  outer loop
    vertex 0.14 0 0.2869
    vertex 0.14 0 0.3
    vertex 0.14 0.15 0.3
  endloop
endfacet
facet normal -1 0 0
  outer loop
    vertex 0.14 0 0.2869
    vertex 0.14 0.15 0.3
    vertex 0.14 0.15 0.2869
  endloop
endfacet
facet normal -1 0 0
  outer loop
    vertex 0.14 0.15 0.2869
    vertex 0.14 0.15 0.3
    vertex 0.14 0.3 0.3
  endloop
endfacet
facet normal -1 0 0
  outer loop
    vertex 0.14 0.15 0.2869
    vertex 0.14 0.3 0.3
    vertex 0.14 0.3 0.2869
  endloop
endfacet
facet normal -1 0 0
  outer loop
    vertex 0.14 0.3 0.2869
    vertex 0.14 0.3 0.3
    vertex 0.14 0.45 0.3
  endloop
endfacet
facet normal -1 0 0
  outer loop
    vertex 0.14 0.3 0.2869
    vertex 0.14 0.45 0.3
    vertex 0.14 0.45 0.2869
  endloop
endfacet
facet normal -1 0 0
  outer loop
    vertex 0.14 0.45 0.2869
    vertex 0.14 0.45 0.3
    vertex 0.14 0.6000000000000001 0.3
  endloop
endfacet
facet normal -1 0 0
  outer loop
    vertex 0.14 0.45 0.2869
    vertex 0.14 0.6000000000000001 0.3
    vertex 0.14 0.6000000000000001 0.2869
  endloop
endfacet
facet normal -1 0 0
  outer loop
    vertex 0.14 0.6000000000000001 0.2869
    vertex 0.14 0.6000000000000001 0.3
    vertex 0.14 0.75 0.3
  endloop
endfacet
facet normal -1 0 0
  outer loop
    vertex 0.14 0.6000000000000001 0.2869
    vertex 0.14 0.75 0.3
    vertex 0.14 0.75 0.2869
  endloop
endfacet
facet normal -1 0 0
  outer loop
    vertex 0.14 0.75 0.2869
    vertex 0.14 0.75 0.3
    vertex 0.14 0.8999999999999999 0.3
  endloop
endfacet
facet normal -1 0 0
  outer loop
    vertex 0.14 0.75 0.2869
    vertex 0.14 0.8999999999999999 0.3
    vertex 0.14 0.8999999999999999 0.2869
  endloop
endfacet
facet normal -1 0 0
  outer loop
    vertex 0.14 0.8999999999999999 0.2869
    vertex 0.14 0.8999999999999999 0.3
    vertex 0.14 1.05 0.3
  endloop
endfacet
facet normal -1 0 0
  outer loop
    vertex 0.14 0.8999999999999999 0.2869
    vertex 0.14 1.05 0.3
    vertex 0.14 1.05 0.2869
  endloop
endfacet
facet normal -1 0 0
  outer loop
    vertex 0.14 1.05 0.2869
    vertex 0.14 1.05 0.3
    vertex 0.14 1.2 0.3
  endloop
endfacet
facet normal -1 0 0
  outer loop
    vertex 0.14 1.05 0.2869
    vertex 0.14 1.2 0.3
    vertex 0.14 1.2 0.2869
  endloop
endfacet
facet normal -1 0 0
  outer loop
    vertex 0.14 1.2 0.2869
    vertex 0.14 1.2 0.3
    vertex 0.14 1.35 0.3
  endloop
endfacet
facet normal -1 0 0
  outer loop
    vertex 0.14 1.2 0.2869
    vertex 0.14 1.35 0.3
    vertex 0.14 1.35 0.2869
  endloop
endfacet
facet normal -1 0 0
  outer loop
    vertex 0.14 1.35 0.2869
    vertex 0.14 1.35 0.3
    vertex 0.14 1.5 0.3
  endloop
endfacet
facet normal -1 0 0
  outer loop
    vertex 0.14 1.35 0.2869
    vertex 0.14 1.5 0.3
    vertex 0.14 1.5 0.2869
  endloop
endfacet
facet normal -1 0 0
  outer loop
    vertex 0.14 1.5 0.2869
    vertex 0.14 1.5 0.3
    vertex 0.14 1.65 0.3
  endloop
endfacet
facet normal -1 0 0
  outer loop
    vertex 0.14 1.5 0.2869
    vertex 0.14 1.65 0.3
    vertex 0.14 1.65 0.2869
  endloop
endfacet
facet normal -1 0 0
  outer loop
    vertex 0.14 1.65 0.2869
    vertex 0.14 1.65 0.3
    vertex 0.14 1.8 0.3
  endloop
endfacet
facet normal -1 0 0
  outer loop
    vertex 0.14 1.65 0.2869
    vertex 0.14 1.8 0.3
    vertex 0.14 1.8 0.2869
  endloop
endfacet
facet normal -1 0 0
  outer loop
    vertex 0.14 1.8 0.2869
    vertex 0.14 1.8 0.3
    vertex 0.14 1.95 0.3
  endloop
endfacet
facet normal -1 0 0
  outer loop
    vertex 0.14 1.8 0.2869
    vertex 0.14 1.95 0.3
    vertex 0.14 1.95 0.2869
  endloop
endfacet
facet normal -1 0 0
  outer loop
    vertex 0.14 1.95 0.2869
    vertex 0.14 1.95 0.3
    vertex 0.14 2.1 0.3
  endloop
endfacet
facet normal -1 0 0
  outer loop
    vertex 0.14 1.95 0.2869
    vertex 0.14 2.1 0.3
    vertex 0.14 2.1 0.2869
  endloop
endfacet
facet normal -1 0 0
  outer loop
    vertex 0.14 2.1 0.2869
    vertex 0.14 2.1 0.3
    vertex 0.14 2.25 0.3
  endloop
endfacet
facet normal -1 0 0
  outer loop
    vertex 0.14 2.1 0.2869
    vertex 0.14 2.25 0.3
    vertex 0.14 2.25 0.2869
  endloop
endfacet
facet normal -1 0 0
  outer loop
    vertex 0.14 2.25 0.2869
    vertex 0.14 2.25 0.3
    vertex 0.14 2.4 0.3
  endloop
endfacet
facet normal -1 0 0
  outer loop
    vertex 0.14 2.25 0.2869
    vertex 0.14 2.4 0.3
    vertex 0.14 2.4 0.2869
  endloop
endfacet
facet normal -1 0 0
  outer loop
    vertex 0.14 2.4 0.2869
    vertex 0.14 2.4 0.3
    vertex 0.14 2.55 0.3
  endloop
endfacet
facet normal -1 0 0
  outer loop
    vertex 0.14 2.4 0.2869
    vertex 0.14 2.55 0.3
    vertex 0.14 2.55 0.2869
  endloop
endfacet
facet normal -1 0 0
  outer loop
    vertex 0.14 2.55 0.2869
    vertex 0.14 2.55 0.3
    vertex 0.14 2.7 0.3
  endloop
endfacet
facet normal -1 0 0
  outer loop
    vertex 0.14 2.55 0.2869
    vertex 0.14 2.7 0.3
    vertex 0.14 2.7 0.2869
  endloop
endfacet
facet normal -1 0 0
  outer loop
    vertex 0.14 2.7 0.2869
    vertex 0.14 2.7 0.3
    vertex 0.14 2.85 0.3
  endloop
endfacet
facet normal -1 0 0
  outer loop
    vertex 0.14 2.7 0.2869
    vertex 0.14 2.85 0.3
    vertex 0.14 2.85 0.2869
  endloop
endfacet
facet normal -1 0 0
  outer loop
    vertex 0.14 2.85 0.2869
    vertex 0.14 2.85 0.3
    vertex 0.14 3 0.3
  endloop
endfacet
facet normal -1 0 0
  outer loop
    vertex 0.14 2.85 0.2869
    vertex 0.14 3 0.3
    vertex 0.14 3 0.2869
  endloop
endfacet
facet normal 0 0 -1
  outer loop
    vertex 0.14 0 0.3
    vertex 0.09333333333344901 0 0.3
    vertex 0.09333333333344901 0.15 0.3
  endloop
endfacet
facet normal 0 0 -1
  outer loop
    vertex 0.14 0 0.3
    vertex 0.09333333333344901 0.15 0.3
    vertex 0.14 0.15 0.3
  endloop
endfacet
facet normal 0 0 -1
  outer loop
    vertex 0.14 0.15 0.3
    vertex 0.09333333333344901 0.15 0.3
    vertex 0.09333333333344901 0.3 0.3
  endloop
endfacet
facet normal 0 0 -1
  outer loop
    vertex 0.14 0.15 0.3
    vertex 0.09333333333344901 0.3 0.3
    vertex 0.14 0.3 0.3
  endloop
endfacet
facet normal 0 0 -1
  outer loop
    vertex 0.14 0.3 0.3
    vertex 0.09333333333344901 0.3 0.3
    vertex 0.09333333333344901 0.45 0.3
  endloop
endfacet
facet normal 0 0 -1
  outer loop
    vertex 0.14 0.3 0.3
    vertex 0.09333333333344901 0.45 0.3
    vertex 0.14 0.45 0.3
  endloop
endfacet
facet normal 0 0 -1
  outer loop
    vertex 0.14 0.45 0.3
    vertex 0.09333333333344901 0.45 0.3
    vertex 0.09333333333344901 0.6000000000000001 0.3
  endloop
endfacet
facet normal 0 0 -1
  outer loop
    vertex 0.14 0.45 0.3
    vertex 0.09333333333344901 0.6000000000000001 0.3
    vertex 0.14 0.6000000000000001 0.3
  endloop
endfacet
facet normal 0 0 -1
  outer loop
    vertex 0.14 0.6000000000000001 0.3
    vertex 0.09333333333344901 0.6000000000000001 0.3
    vertex 0.09333333333344901 0.75 0.3
  endloop
endfacet
facet normal 0 0 -1
  outer loop
    vertex 0.14 0.6000000000000001 0.3
    vertex 0.09333333333344901 0.75 0.3
    vertex 0.14 0.75 0.3
  endloop
endfacet
facet normal 0 0 -1
  outer loop
    vertex 0.14 0.75 0.3
    vertex 0.09333333333344901 0.75 0.3
    vertex 0.09333333333344901 0.8999999999999999 0.3
  endloop
endfacet
facet normal 0 0 -1
  outer loop
    vertex 0.14 0.75 0.3
    vertex 0.09333333333344901 0.8999999999999999 0.3
    vertex 0.14 0.8999999999999999 0.3
  endloop
endfacet
facet normal 0 0 -1
  outer loop
    vertex 0.14 0.8999999999999999 0.3
    vertex 0.09333333333344901 0.8999999999999999 0.3
    vertex 0.09333333333344901 1.05 0.3
  endloop
endfacet
facet normal 0 0 -1
  outer loop
    vertex 0.14 0.8999999999999999 0.3
    vertex 0.09333333333344901 1.05 0.3
    vertex 0.14 1.05 0.3
  endloop
endfacet
facet normal 0 0 -1
  outer loop
    vertex 0.14 1.05 0.3
    vertex 0.09333333333344901 1.05 0.3
    vertex 0.09333333333344901 1.2 0.3
  endloop
endfacet
facet normal 0 0 -1
  outer loop
    vertex 0.14 1.05 0.3
    vertex 0.09333333333344901 1.2 0.3
    vertex 0.14 1.2 0.3
  endloop
endfacet
facet normal 0 0 -1
  outer loop
    vertex 0.14 1.2 0.3
    vertex 0.09333333333344901 1.2 0.3
    vertex 0.09333333333344901 1.35 0.3
  endloop
endfacet
facet normal 0 0 -1
  outer loop
    vertex 0.14 1.2 0.3
    vertex 0.09333333333344901 1.35 0.3
    vertex 0.14 1.35 0.3
  endloop
endfacet
facet normal 0 0 -1
  outer loop
    vertex 0.14 1.35 0.3
    vertex 0.09333333333344901 1.35 0.3
    vertex 0.09333333333344901 1.5 0.3
  endloop
endfacet
facet normal 0 0 -1
  outer loop
    vertex 0.14 1.35 0.3
    vertex 0.09333333333344901 1.5 0.3
    vertex 0.14 1.5 0.3
  endloop
endfacet
facet normal 0 0 -1
  outer loop
    vertex 0.14 1.5 0.3
    vertex 0.09333333333344901 1.5 0.3
    vertex 0.09333333333344901 1.65 0.3
  endloop
endfacet
facet normal 0 0 -1
  outer loop
    vertex 0.14 1.5 0.3
    vertex 0.09333333333344901 1.65 0.3
    vertex 0.14 1.65 0.3
  endloop
endfacet
facet normal 0 0 -1
  outer loop
    vertex 0.14 1.65 0.3
    vertex 0.09333333333344901 1.65 0.3
    vertex 0.09333333333344901 1.8 0.3
  endloop
endfacet
facet normal 0 0 -1
  outer loop
    vertex 0.14 1.65 0.3
    vertex 0.09333333333344901 1.8 0.3
    vertex 0.14 1.8 0.3
  endloop
endfacet
facet normal 0 0 -1
  outer loop
    vertex 0.14 1.8 0.3
    vertex 0.09333333333344901 1.8 0.3
    vertex 0.09333333333344901 1.95 0.3
  endloop
endfacet
facet normal 0 0 -1
  outer loop
    vertex 0.14 1.8 0.3
    vertex 0.09333333333344901 1.95 0.3
    vertex 0.14 1.95 0.3
  endloop
endfacet
facet normal 0 0 -1
  outer loop
    vertex 0.14 1.95 0.3
    vertex 0.09333333333344901 1.95 0.3
    vertex 0.09333333333344901 2.1 0.3
  endloop
endfacet
facet normal 0 0 -1
  outer loop
    vertex 0.14 1.95 0.3
    vertex 0.09333333333344901 2.1 0.3
    vertex 0.14 2.1 0.3
  endloop
endfacet
facet normal 0 0 -1
  outer loop
    vertex 0.14 2.1 0.3
    vertex 0.09333333333344901 2.1 0.3
    vertex 0.09333333333344901 2.25 0.3
  endloop
endfacet
facet normal 0 0 -1
  outer loop
    vertex 0.14 2.1 0.3
    vertex 0.09333333333344901 2.25 0.3
    vertex 0.14 2.25 0.3
  endloop
endfacet
facet normal 0 0 -1
  outer loop
    vertex 0.14 2.25 0.3
    vertex 0.09333333333344901 2.25 0.3
    vertex 0.09333333333344901 2.4 0.3
  endloop
endfacet
facet normal 0 0 -1
  outer loop
    vertex 0.14 2.25 0.3
    vertex 0.09333333333344901 2.4 0.3
    vertex 0.14 2.4 0.3
  endloop
endfacet
facet normal 0 0 -1
  outer loop
    vertex 0.14 2.4 0.3
    vertex 0.09333333333344901 2.4 0.3
    vertex 0.09333333333344901 2.55 0.3
  endloop
endfacet
facet normal 0 0 -1
  outer loop
    vertex 0.14 2.4 0.3
    vertex 0.09333333333344901 2.55 0.3
    vertex 0.14 2.55 0.3
  endloop
endfacet
facet normal 0 0 -1
  outer loop
    vertex 0.14 2.55 0.3
    vertex 0.09333333333344901 2.55 0.3
    vertex 0.09333333333344901 2.7 0.3
  endloop
endfacet
facet normal 0 0 -1
  outer loop
    vertex 0.14 2.55 0.3
    vertex 0.09333333333344901 2.7 0.3
    vertex 0.14 2.7 0.3
  endloop
endfacet
facet normal 0 0 -1
  outer loop
    vertex 0.14 2.7 0.3
    vertex 0.09333333333344901 2.7 0.3
    vertex 0.09333333333344901 2.85 0.3
  endloop
endfacet
facet normal 0 0 -1
  outer loop
    vertex 0.14 2.7 0.3
    vertex 0.09333333333344901 2.85 0.3
    vertex 0.14 2.85 0.3
  endloop
endfacet
facet normal 0 0 -1
  outer loop
    vertex 0.14 2.85 0.3
    vertex 0.09333333333344901 2.85 0.3
    vertex 0.09333333333344901 3 0.3
  endloop
endfacet
facet normal 0 0 -1
  outer loop
    vertex 0.14 2.85 0.3
    vertex 0.09333333333344901 3 0.3
    vertex 0.14 3 0.3
  endloop
endfacet
facet normal 0 0 -1
  outer loop
    vertex 0.09333333333344901 0 0.3
    vertex 0.04666666666679679 0 0.3
    vertex 0.04666666666679679 0.15 0.3
  endloop
endfacet
facet normal 0 0 -1
  outer loop
    vertex 0.09333333333344901 0 0.3
    vertex 0.04666666666679679 0.15 0.3
    vertex 0.09333333333344901 0.15 0.3
  endloop
endfacet
facet normal 0 0 -1
  outer loop
    vertex 0.09333333333344901 0.15 0.3
    vertex 0.04666666666679679 0.15 0.3
    vertex 0.04666666666679679 0.3 0.3
  endloop
endfacet
facet normal 0 0 -1
  outer loop
    vertex 0.09333333333344901 0.15 0.3
    vertex 0.04666666666679679 0.3 0.3
    vertex 0.09333333333344901 0.3 0.3
  endloop
endfacet
facet normal 0 0 -1
  outer loop
    vertex 0.09333333333344901 0.3 0.3
    vertex 0.04666666666679679 0.3 0.3
    vertex 0.04666666666679679 0.45 0.3
  endloop
endfacet
facet normal 0 0 -1
  outer loop
    vertex 0.09333333333344901 0.3 0.3
    vertex 0.04666666666679679 0.45 0.3
    vertex 0.09333333333344901 0.45 0.3
  endloop
endfacet
facet normal 0 0 -1
  outer loop
    vertex 0.09333333333344901 0.45 0.3
    vertex 0.04666666666679679 0.45 0.3
    vertex 0.04666666666679679 0.6000000000000001 0.3
  endloop
endfacet
facet normal 0 0 -1
  outer loop
    vertex 0.09333333333344901 0.45 0.3
    vertex 0.04666666666679679 0.6000000000000001 0.3
    vertex 0.09333333333344901 0.6000000000000001 0.3
  endloop
endfacet
facet normal 0 0 -1
  outer loop
    vertex 0.09333333333344901 0.6000000000000001 0.3
    vertex 0.04666666666679679 0.6000000000000001 0.3
    vertex 0.04666666666679679 0.75 0.3
  endloop
endfacet
facet normal 0 0 -1
  outer loop
    vertex 0.09333333333344901 0.6000000000000001 0.3
    vertex 0.04666666666679679 0.75 0.3
    vertex 0.09333333333344901 0.75 0.3
  endloop
endfacet
facet normal 0 0 -1
  outer loop
    vertex 0.09333333333344901 0.75 0.3
    vertex 0.04666666666679679 0.75 0.3
    vertex 0.04666666666679679 0.8999999999999999 0.3
  endloop
endfacet
facet normal 0 0 -1
  outer loop
    vertex 0.09333333333344901 0.75 0.3
    vertex 0.04666666666679679 0.8999999999999999 0.3
    vertex 0.09333333333344901 0.8999999999999999 0.3
  endloop
endfacet
facet normal 0 0 -1
  outer loop
    vertex 0.09333333333344901 0.8999999999999999 0.3
    vertex 0.04666666666679679 0.8999999999999999 0.3
    vertex 0.04666666666679679 1.05 0.3
  endloop
endfacet
facet normal 0 0 -1
  outer loop
    vertex 0.09333333333344901 0.8999999999999999 0.3
    vertex 0.04666666666679679 1.05 0.3
    vertex 0.09333333333344901 1.05 0.3
  endloop
endfacet
facet normal 0 0 -1
  outer loop
    vertex 0.09333333333344901 1.05 0.3
    vertex 0.04666666666679679 1.05 0.3
    vertex 0.04666666666679679 1.2 0.3
  endloop
endfacet
facet normal 0 0 -1
  outer loop
    vertex 0.09333333333344901 1.05 0.3
    vertex 0.04666666666679679 1.2 0.3
    vertex 0.09333333333344901 1.2 0.3
  endloop
endfacet
facet normal 0 0 -1
  outer loop
    vertex 0.09333333333344901 1.2 0.3
    vertex 0.04666666666679679 1.2 0.3
    vertex 0.04666666666679679 1.35 0.3
  endloop
endfacet
facet normal 0 0 -1
  outer loop
    vertex 0.09333333333344901 1.2 0.3
    vertex 0.04666666666679679 1.35 0.3
    vertex 0.09333333333344901 1.35 0.3
  endloop
endfacet
facet normal 0 0 -1
  outer loop
    vertex 0.09333333333344901 1.35 0.3
    vertex 0.04666666666679679 1.35 0.3
    vertex 0.04666666666679679 1.5 0.3
  endloop
endfacet
facet normal 0 0 -1
  outer loop
    vertex 0.09333333333344901 1.35 0.3
    vertex 0.04666666666679679 1.5 0.3
    vertex 0.09333333333344901 1.5 0.3
  endloop
endfacet
facet normal 0 0 -1
  outer loop
    vertex 0.09333333333344901 1.5 0.3
    vertex 0.04666666666679679 1.5 0.3
    vertex 0.04666666666679679 1.65 0.3
  endloop
endfacet
facet normal 0 0 -1
  outer loop
    vertex 0.09333333333344901 1.5 0.3
    vertex 0.04666666666679679 1.65 0.3
    vertex 0.09333333333344901 1.65 0.3
  endloop
endfacet
facet normal 0 0 -1
  outer loop
    vertex 0.09333333333344901 1.65 0.3
    vertex 0.04666666666679679 1.65 0.3
    vertex 0.04666666666679679 1.8 0.3
  endloop
endfacet
facet normal 0 0 -1
  outer loop
    vertex 0.09333333333344901 1.65 0.3
    vertex 0.04666666666679679 1.8 0.3
    vertex 0.09333333333344901 1.8 0.3
  endloop
endfacet
facet normal 0 0 -1
  outer loop
    vertex 0.09333333333344901 1.8 0.3
    vertex 0.04666666666679679 1.8 0.3
    vertex 0.04666666666679679 1.95 0.3
  endloop
endfacet
facet normal 0 0 -1
  outer loop
    vertex 0.09333333333344901 1.8 0.3
    vertex 0.04666666666679679 1.95 0.3
    vertex 0.09333333333344901 1.95 0.3
  endloop
endfacet
facet normal 0 0 -1
  outer loop
    vertex 0.09333333333344901 1.95 0.3
    vertex 0.04666666666679679 1.95 0.3
    vertex 0.04666666666679679 2.1 0.3
  endloop
endfacet
facet normal 0 0 -1
  outer loop
    vertex 0.09333333333344901 1.95 0.3
    vertex 0.04666666666679679 2.1 0.3
    vertex 0.09333333333344901 2.1 0.3
  endloop
endfacet
facet normal 0 0 -1
  outer loop
    vertex 0.09333333333344901 2.1 0.3
    vertex 0.04666666666679679 2.1 0.3
    vertex 0.04666666666679679 2.25 0.3
  endloop
endfacet
facet normal 0 0 -1
  outer loop
    vertex 0.09333333333344901 2.1 0.3
    vertex 0.04666666666679679 2.25 0.3
    vertex 0.09333333333344901 2.25 0.3
  endloop
endfacet
facet normal 0 0 -1
  outer loop
    vertex 0.09333333333344901 2.25 0.3
    vertex 0.04666666666679679 2.25 0.3
    vertex 0.04666666666679679 2.4 0.3
  endloop
endfacet
facet normal 0 0 -1
  outer loop
    vertex 0.09333333333344901 2.25 0.3
    vertex 0.04666666666679679 2.4 0.3
    vertex 0.09333333333344901 2.4 0.3
  endloop
endfacet
facet normal 0 0 -1
  outer loop
    vertex 0.09333333333344901 2.4 0.3
    vertex 0.04666666666679679 2.4 0.3
    vertex 0.04666666666679679 2.55 0.3
  endloop
endfacet
facet normal 0 0 -1
  outer loop
    vertex 0.09333333333344901 2.4 0.3
    vertex 0.04666666666679679 2.55 0.3
    vertex 0.09333333333344901 2.55 0.3
  endloop
endfacet
facet normal 0 0 -1
  outer loop
    vertex 0.09333333333344901 2.55 0.3
    vertex 0.04666666666679679 2.55 0.3
    vertex 0.04666666666679679 2.7 0.3
  endloop
endfacet
facet normal 0 0 -1
  outer loop
    vertex 0.09333333333344901 2.55 0.3
    vertex 0.04666666666679679 2.7 0.3
    vertex 0.09333333333344901 2.7 0.3
  endloop
endfacet
facet normal 0 0 -1
  outer loop
    vertex 0.09333333333344901 2.7 0.3
    vertex 0.04666666666679679 2.7 0.3
    vertex 0.04666666666679679 2.85 0.3
  endloop
endfacet
facet normal 0 0 -1
  outer loop
    vertex 0.09333333333344901 2.7 0.3
    vertex 0.04666666666679679 2.85 0.3
    vertex 0.09333333333344901 2.85 0.3
  endloop
endfacet
facet normal 0 0 -1
  outer loop
    vertex 0.09333333333344901 2.85 0.3
    vertex 0.04666666666679679 2.85 0.3
    vertex 0.04666666666679679 3 0.3
  endloop
endfacet
facet normal 0 0 -1
  outer loop
    vertex 0.09333333333344901 2.85 0.3
    vertex 0.04666666666679679 3 0.3
    vertex 0.09333333333344901 3 0.3
  endloop
endfacet
facet normal 0 0 -1
  outer loop
    vertex 0.04666666666679679 0 0.3
    vertex 0 0 0.3
    vertex 0 0.15 0.3
  endloop
endfacet
facet normal 0 0 -1
  outer loop
    vertex 0.04666666666679679 0 0.3
    vertex 0 0.15 0.3
    vertex 0.04666666666679679 0.15 0.3
  endloop
endfacet
facet normal 0 0 -1
  outer loop
    vertex 0.04666666666679679 0.15 0.3
    vertex 0 0.15 0.3
    vertex 0 0.3 0.3
  endloop
endfacet
facet normal 0 0 -1
  outer loop
    vertex 0.04666666666679679 0.15 0.3
    vertex 0 0.3 0.3
    vertex 0.04666666666679679 0.3 0.3
  endloop
endfacet
facet normal 0 0 -1
  outer loop
    vertex 0.04666666666679679 0.3 0.3
    vertex 0 0.3 0.3
    vertex 0 0.45 0.3
  endloop
endfacet
facet normal 0 0 -1
  outer loop
    vertex 0.04666666666679679 0.3 0.3
    vertex 0 0.45 0.3
    vertex 0.04666666666679679 0.45 0.3
  endloop
endfacet
facet normal 0 0 -1
  outer loop
    vertex 0.04666666666679679 0.45 0.3
    vertex 0 0.45 0.3
    vertex 0 0.6000000000000001 0.3
  endloop
endfacet
facet normal 0 0 -1
  outer loop
    vertex 0.04666666666679679 0.45 0.3
    vertex 0 0.6000000000000001 0.3
    vertex 0.04666666666679679 0.6000000000000001 0.3
  endloop
endfacet
facet normal 0 0 -1
  outer loop
    vertex 0.04666666666679679 0.6000000000000001 0.3
    vertex 0 0.6000000000000001 0.3
    vertex 0 0.75 0.3
  endloop
endfacet
facet normal 0 0 -1
  outer loop
    vertex 0.04666666666679679 0.6000000000000001 0.3
    vertex 0 0.75 0.3
    vertex 0.04666666666679679 0.75 0.3
  endloop
endfacet
facet normal 0 0 -1
  outer loop
    vertex 0.04666666666679679 0.75 0.3
    vertex 0 0.75 0.3
    vertex 0 0.8999999999999999 0.3
  endloop
endfacet
facet normal 0 0 -1
  outer loop
    vertex 0.04666666666679679 0.75 0.3
    vertex 0 0.8999999999999999 0.3
    vertex 0.04666666666679679 0.8999999999999999 0.3
  endloop
endfacet
facet normal 0 0 -1
  outer loop
    vertex 0.04666666666679679 0.8999999999999999 0.3
    vertex 0 0.8999999999999999 0.3
    vertex 0 1.05 0.3
  endloop
endfacet
facet normal 0 0 -1
  outer loop
    vertex 0.04666666666679679 0.8999999999999999 0.3
    vertex 0 1.05 0.3
    vertex 0.04666666666679679 1.05 0.3
  endloop
endfacet
facet normal 0 0 -1
  outer loop
    vertex 0.04666666666679679 1.05 0.3
    vertex 0 1.05 0.3
    vertex 0 1.2 0.3
  endloop
endfacet
facet normal 0 0 -1
  outer loop
    vertex 0.04666666666679679 1.05 0.3
    vertex 0 1.2 0.3
    vertex 0.04666666666679679 1.2 0.3
  endloop
endfacet
facet normal 0 0 -1
  outer loop
    vertex 0.04666666666679679 1.2 0.3
    vertex 0 1.2 0.3
    vertex 0 1.35 0.3
  endloop
endfacet
facet normal 0 0 -1
  outer loop
    vertex 0.04666666666679679 1.2 0.3
    vertex 0 1.35 0.3
    vertex 0.04666666666679679 1.35 0.3
  endloop
endfacet
facet normal 0 0 -1
  outer loop
    vertex 0.04666666666679679 1.35 0.3
    vertex 0 1.35 0.3
    vertex 0 1.5 0.3
  endloop
endfacet
facet normal 0 0 -1
  outer loop
    vertex 0.04666666666679679 1.35 0.3
    vertex 0 1.5 0.3
    vertex 0.04666666666679679 1.5 0.3
  endloop
endfacet
facet normal 0 0 -1
  outer loop
    vertex 0.04666666666679679 1.5 0.3
    vertex 0 1.5 0.3
    vertex 0 1.65 0.3
  endloop
endfacet
facet normal 0 0 -1
  outer loop
    vertex 0.04666666666679679 1.5 0.3
    vertex 0 1.65 0.3
    vertex 0.04666666666679679 1.65 0.3
  endloop
endfacet
facet normal 0 0 -1
  outer loop
    vertex 0.04666666666679679 1.65 0.3
    vertex 0 1.65 0.3
    vertex 0 1.8 0.3
  endloop
endfacet
facet normal 0 0 -1
  outer loop
    vertex 0.04666666666679679 1.65 0.3
    vertex 0 1.8 0.3
    vertex 0.04666666666679679 1.8 0.3
  endloop
endfacet
facet normal 0 0 -1
  outer loop
    vertex 0.04666666666679679 1.8 0.3
    vertex 0 1.8 0.3
    vertex 0 1.95 0.3
  endloop
endfacet
facet normal 0 0 -1
  outer loop
    vertex 0.04666666666679679 1.8 0.3
    vertex 0 1.95 0.3
    vertex 0.04666666666679679 1.95 0.3
  endloop
endfacet
facet normal 0 0 -1
  outer loop
    vertex 0.04666666666679679 1.95 0.3
    vertex 0 1.95 0.3
    vertex 0 2.1 0.3
  endloop
endfacet
facet normal 0 0 -1
  outer loop
    vertex 0.04666666666679679 1.95 0.3
    vertex 0 2.1 0.3
    vertex 0.04666666666679679 2.1 0.3
  endloop
endfacet
facet normal 0 0 -1
  outer loop
    vertex 0.04666666666679679 2.1 0.3
    vertex 0 2.1 0.3
    vertex 0 2.25 0.3
  endloop
endfacet
facet normal 0 0 -1
  outer loop
    vertex 0.04666666666679679 2.1 0.3
    vertex 0 2.25 0.3
    vertex 0.04666666666679679 2.25 0.3
  endloop
endfacet
facet normal 0 0 -1
  outer loop
    vertex 0.04666666666679679 2.25 0.3
    vertex 0 2.25 0.3
    vertex 0 2.4 0.3
  endloop
endfacet
facet normal 0 0 -1
  outer loop
    vertex 0.04666666666679679 2.25 0.3
    vertex 0 2.4 0.3
    vertex 0.04666666666679679 2.4 0.3
  endloop
endfacet
facet normal 0 0 -1
  outer loop
    vertex 0.04666666666679679 2.4 0.3
    vertex 0 2.4 0.3
    vertex 0 2.55 0.3
  endloop
endfacet
facet normal 0 0 -1
  outer loop
    vertex 0.04666666666679679 2.4 0.3
    vertex 0 2.55 0.3
    vertex 0.04666666666679679 2.55 0.3
  endloop
endfacet
facet normal 0 0 -1
  outer loop
    vertex 0.04666666666679679 2.55 0.3
    vertex 0 2.55 0.3
    vertex 0 2.7 0.3
  endloop
endfacet
facet normal 0 0 -1
  outer loop
    vertex 0.04666666666679679 2.55 0.3
    vertex 0 2.7 0.3
    vertex 0.04666666666679679 2.7 0.3
  endloop
endfacet
facet normal 0 0 -1
  outer loop
    vertex 0.04666666666679679 2.7 0.3
    vertex 0 2.7 0.3
    vertex 0 2.85 0.3
  endloop
endfacet
facet normal 0 0 -1
  outer loop
    vertex 0.04666666666679679 2.7 0.3
    vertex 0 2.85 0.3
    vertex 0.04666666666679679 2.85 0.3
  endloop
endfacet
facet normal 0 0 -1
  outer loop
    vertex 0.04666666666679679 2.85 0.3
    vertex 0 2.85 0.3
    vertex 0 3 0.3
  endloop
endfacet
facet normal 0 0 -1
  outer loop
    vertex 0.04666666666679679 2.85 0.3
    vertex 0 3 0.3
    vertex 0.04666666666679679 3 0.3
  endloop
endfacet
facet normal 1 0 0
  outer loop
    vertex 0 0 0.3
    vertex 0 0 0.2869
    vertex 0 0.15 0.2869
  endloop
endfacet
facet normal 1 0 0
  outer loop
    vertex 0 0 0.3
    vertex 0 0.15 0.2869
    vertex 0 0.15 0.3
  endloop
endfacet
facet normal 1 0 0
  outer loop
    vertex 0 0.15 0.3
    vertex 0 0.15 0.2869
    vertex 0 0.3 0.2869
  endloop
endfacet
facet normal 1 0 0
  outer loop
    vertex 0 0.15 0.3
    vertex 0 0.3 0.2869
    vertex 0 0.3 0.3
  endloop
endfacet
facet normal 1 0 0
  outer loop
    vertex 0 0.3 0.3
    vertex 0 0.3 0.2869
    vertex 0 0.45 0.2869
  endloop
endfacet
facet normal 1 0 0
  outer loop
    vertex 0 0.3 0.3
    vertex 0 0.45 0.2869
    vertex 0 0.45 0.3
  endloop
endfacet
facet normal 1 0 0
  outer loop
    vertex 0 0.45 0.3
    vertex 0 0.45 0.2869
    vertex 0 0.6000000000000001 0.2869
  endloop
endfacet
facet normal 1 0 0
  outer loop
    vertex 0 0.45 0.3
    vertex 0 0.6000000000000001 0.2869
    vertex 0 0.6000000000000001 0.3
  endloop
endfacet
facet normal 1 0 0
  outer loop
    vertex 0 0.6000000000000001 0.3
    vertex 0 0.6000000000000001 0.2869
    vertex 0 0.75 0.2869
  endloop
endfacet
facet normal 1 0 0
  outer loop
    vertex 0 0.6000000000000001 0.3
    vertex 0 0.75 0.2869
    vertex 0 0.75 0.3
  endloop
endfacet
facet normal 1 0 0
  outer loop
    vertex 0 0.75 0.3
    vertex 0 0.75 0.2869
    vertex 0 0.8999999999999999 0.2869
  endloop
endfacet
facet normal 1 0 0
  outer loop
    vertex 0 0.75 0.3
    vertex 0 0.8999999999999999 0.2869
    vertex 0 0.8999999999999999 0.3
  endloop
endfacet
facet normal 1 0 0
  outer loop
    vertex 0 0.8999999999999999 0.3
    vertex 0 0.8999999999999999 0.2869
    vertex 0 1.05 0.2869
  endloop
endfacet
facet normal 1 0 0
  outer loop
    vertex 0 0.8999999999999999 0.3
    vertex 0 1.05 0.2869
    vertex 0 1.05 0.3
  endloop
endfacet
facet normal 1 0 0
  outer loop
    vertex 0 1.05 0.3
    vertex 0 1.05 0.2869
    vertex 0 1.2 0.2869
  endloop
endfacet
facet normal 1 0 0
  outer loop
    vertex 0 1.05 0.3
    vertex 0 1.2 0.2869
    vertex 0 1.2 0.3
  endloop
endfacet
facet normal 1 0 0
  outer loop
    vertex 0 1.2 0.3
    vertex 0 1.2 0.2869
    vertex 0 1.35 0.2869
  endloop
endfacet
facet normal 1 0 0
  outer loop
    vertex 0 1.2 0.3
    vertex 0 1.35 0.2869
    vertex 0 1.35 0.3
  endloop
endfacet
facet normal 1 0 0
  outer loop
    vertex 0 1.35 0.3
    vertex 0 1.35 0.2869
    vertex 0 1.5 0.2869
  endloop
endfacet
facet normal 1 0 0
  outer loop
    vertex 0 1.35 0.3
    vertex 0 1.5 0.2869
    vertex 0 1.5 0.3
  endloop
endfacet
facet normal 1 0 0
  outer loop
    vertex 0 1.5 0.3
    vertex 0 1.5 0.2869
    vertex 0 1.65 0.2869
  endloop
endfacet
facet normal 1 0 0
  outer loop
    vertex 0 1.5 0.3
    vertex 0 1.65 0.2869
    vertex 0 1.65 0.3
  endloop
endfacet
facet normal 1 0 0
  outer loop
    vertex 0 1.65 0.3
    vertex 0 1.65 0.2869
    vertex 0 1.8 0.2869
  endloop
endfacet
facet normal 1 0 0
  outer loop
    vertex 0 1.65 0.3
    vertex 0 1.8 0.2869
    vertex 0 1.8 0.3
  endloop
endfacet
facet normal 1 0 0
  outer loop
    vertex 0 1.8 0.3
    vertex 0 1.8 0.2869
    vertex 0 1.95 0.2869
  endloop
endfacet
facet normal 1 0 0
  outer loop
    vertex 0 1.8 0.3
    vertex 0 1.95 0.2869
    vertex 0 1.95 0.3
  endloop
endfacet
facet normal 1 0 0
  outer loop
    vertex 0 1.95 0.3
    vertex 0 1.95 0.2869
    vertex 0 2.1 0.2869
  endloop
endfacet
facet normal 1 0 0
  outer loop
    vertex 0 1.95 0.3
    vertex 0 2.1 0.2869
    vertex 0 2.1 0.3
  endloop
endfacet
facet normal 1 0 0
  outer loop
    vertex 0 2.1 0.3
    vertex 0 2.1 0.2869
    vertex 0 2.25 0.2869
  endloop
endfacet
facet normal 1 0 0
  outer loop
    vertex 0 2.1 0.3
    vertex 0 2.25 0.2869
    vertex 0 2.25 0.3
  endloop
endfacet
facet normal 1 0 0
  outer loop
    vertex 0 2.25 0.3
    vertex 0 2.25 0.2869
    vertex 0 2.4 0.2869
  endloop
endfacet
facet normal 1 0 0
  outer loop
    vertex 0 2.25 0.3
    vertex 0 2.4 0.2869
    vertex 0 2.4 0.3
  endloop
endfacet
facet normal 1 0 0
  outer loop
    vertex 0 2.4 0.3
    vertex 0 2.4 0.2869
    vertex 0 2.55 0.2869
  endloop
endfacet
facet normal 1 0 0
  outer loop
    vertex 0 2.4 0.3
    vertex 0 2.55 0.2869
    vertex 0 2.55 0.3
  endloop
endfacet
facet normal 1 0 0
  outer loop
    vertex 0 2.55 0.3
    vertex 0 2.55 0.2869
    vertex 0 2.7 0.2869
  endloop
endfacet
facet normal 1 0 0
  outer loop
    vertex 0 2.55 0.3
    vertex 0 2.7 0.2869
    vertex 0 2.7 0.3
  endloop
endfacet
facet normal 1 0 0
  outer loop
    vertex 0 2.7 0.3
    vertex 0 2.7 0.2869
    vertex 0 2.85 0.2869
  endloop
endfacet
facet normal 1 0 0
  outer loop
    vertex 0 2.7 0.3
    vertex 0 2.85 0.2869
    vertex 0 2.85 0.3
  endloop
endfacet
facet normal 1 0 0
  outer loop
    vertex 0 2.85 0.3
    vertex 0 2.85 0.2869
    vertex 0 3 0.2869
  endloop
endfacet
facet normal 1 0 0
  outer loop
    vertex 0 2.85 0.3
    vertex 0 3 0.2869
    vertex 0 3 0.3
  endloop
endfacet
facet normal 0 0 1
  outer loop
    vertex 0 0 0.2869
    vertex 0.03312499999990979 0 0.2869
    vertex 0.03312499999990979 0.15 0.2869
  endloop
endfacet
facet normal 0 0 1
  outer loop
    vertex 0 0 0.2869
    vertex 0.03312499999990979 0.15 0.2869
    vertex 0 0.15 0.2869
  endloop
endfacet
facet normal 0 0 1
  outer loop
    vertex 0 0.15 0.2869
    vertex 0.03312499999990979 0.15 0.2869
    vertex 0.03312499999990979 0.3 0.2869
  endloop
endfacet
facet normal 0 0 1
  outer loop
    vertex 0 0.15 0.2869
    vertex 0.03312499999990979 0.3 0.2869
    vertex 0 0.3 0.2869
  endloop
endfacet
facet normal 0 0 1
  outer loop
    vertex 0 0.3 0.2869
    vertex 0.03312499999990979 0.3 0.2869
    vertex 0.03312499999990979 0.45 0.2869
  endloop
endfacet
facet normal 0 0 1
  outer loop
    vertex 0 0.3 0.2869
    vertex 0.03312499999990979 0.45 0.2869
    vertex 0 0.45 0.2869
  endloop
endfacet
facet normal 0 0 1
  outer loop
    vertex 0 0.45 0.2869
    vertex 0.03312499999990979 0.45 0.2869
    vertex 0.03312499999990979 0.6000000000000001 0.2869
  endloop
endfacet
facet normal 0 0 1
  outer loop
    vertex 0 0.45 0.2869
    vertex 0.03312499999990979 0.6000000000000001 0.2869
    vertex 0 0.6000000000000001 0.2869
  endloop
endfacet
facet normal 0 0 1
  outer loop
    vertex 0 0.6000000000000001 0.2869
    vertex 0.03312499999990979 0.6000000000000001 0.2869
    vertex 0.03312499999990979 0.75 0.2869
  endloop
endfacet
facet normal 0 0 1
  outer loop
    vertex 0 0.6000000000000001 0.2869
    vertex 0.03312499999990979 0.75 0.2869
    vertex 0 0.75 0.2869
  endloop
endfacet
facet normal 0 0 1
  outer loop
    vertex 0 0.75 0.2869
    vertex 0.03312499999990979 0.75 0.2869
    vertex 0.03312499999990979 0.8999999999999999 0.2869
  endloop
endfacet
facet normal 0 0 1
  outer loop
    vertex 0 0.75 0.2869
    vertex 0.03312499999990979 0.8999999999999999 0.2869
    vertex 0 0.8999999999999999 0.2869
  endloop
endfacet
facet normal 0 0 1
  outer loop
    vertex 0 0.8999999999999999 0.2869
    vertex 0.03312499999990979 0.8999999999999999 0.2869
    vertex 0.03312499999990979 1.05 0.2869
  endloop
endfacet
facet normal 0 0 1
  outer loop
    vertex 0 0.8999999999999999 0.2869
    vertex 0.03312499999990979 1.05 0.2869
    vertex 0 1.05 0.2869
  endloop
endfacet
facet normal 0 0 1
  outer loop
    vertex 0 1.05 0.2869
    vertex 0.03312499999990979 1.05 0.2869
    vertex 0.03312499999990979 1.2 0.2869
  endloop
endfacet
facet normal 0 0 1
  outer loop
    vertex 0 1.05 0.2869
    vertex 0.03312499999990979 1.2 0.2869
    vertex 0 1.2 0.2869
  endloop
endfacet
facet normal 0 0 1
  outer loop
    vertex 0 1.2 0.2869
    vertex 0.03312499999990979 1.2 0.2869
    vertex 0.03312499999990979 1.35 0.2869
  endloop
endfacet
facet normal 0 0 1
  outer loop
    vertex 0 1.2 0.2869
    vertex 0.03312499999990979 1.35 0.2869
    vertex 0 1.35 0.2869
  endloop
endfacet
facet normal 0 0 1
  outer loop
    vertex 0 1.35 0.2869
    vertex 0.03312499999990979 1.35 0.2869
    vertex 0.03312499999990979 1.5 0.2869
  endloop
endfacet
facet normal 0 0 1
  outer loop
    vertex 0 1.35 0.2869
    vertex 0.03312499999990979 1.5 0.2869
    vertex 0 1.5 0.2869
  endloop
endfacet
facet normal 0 0 1
  outer loop
    vertex 0 1.5 0.2869
    vertex 0.03312499999990979 1.5 0.2869
    vertex 0.03312499999990979 1.65 0.2869
  endloop
endfacet
facet normal 0 0 1
  outer loop
    vertex 0 1.5 0.2869
    vertex 0.03312499999990979 1.65 0.2869
    vertex 0 1.65 0.2869
  endloop
endfacet
facet normal 0 0 1
  outer loop
    vertex 0 1.65 0.2869
    vertex 0.03312499999990979 1.65 0.2869
    vertex 0.03312499999990979 1.8 0.2869
  endloop
endfacet
facet normal 0 0 1
  outer loop
    vertex 0 1.65 0.2869
    vertex 0.03312499999990979 1.8 0.2869
    vertex 0 1.8 0.2869
  endloop
endfacet
facet normal 0 0 1
  outer loop
    vertex 0 1.8 0.2869
    vertex 0.03312499999990979 1.8 0.2869
    vertex 0.03312499999990979 1.95 0.2869
  endloop
endfacet
facet normal 0 0 1
  outer loop
    vertex 0 1.8 0.2869
    vertex 0.03312499999990979 1.95 0.2869
    vertex 0 1.95 0.2869
  endloop
endfacet
facet normal 0 0 1
  outer loop
    vertex 0 1.95 0.2869
    vertex 0.03312499999990979 1.95 0.2869
    vertex 0.03312499999990979 2.1 0.2869
  endloop
endfacet
facet normal 0 0 1
  outer loop
    vertex 0 1.95 0.2869
    vertex 0.03312499999990979 2.1 0.2869
    vertex 0 2.1 0.2869
  endloop
endfacet
facet normal 0 0 1
  outer loop
    vertex 0 2.1 0.2869
    vertex 0.03312499999990979 2.1 0.2869
    vertex 0.03312499999990979 2.25 0.2869
  endloop
endfacet
facet normal 0 0 1
  outer loop
    vertex 0 2.1 0.2869
    vertex 0.03312499999990979 2.25 0.2869
    vertex 0 2.25 0.2869
  endloop
endfacet
facet normal 0 0 1
  outer loop
    vertex 0 2.25 0.2869
    vertex 0.03312499999990979 2.25 0.2869
    vertex 0.03312499999990979 2.4 0.2869
  endloop
endfacet
facet normal 0 0 1
  outer loop
    vertex 0 2.25 0.2869
    vertex 0.03312499999990979 2.4 0.2869
    vertex 0 2.4 0.2869
  endloop
endfacet
facet normal 0 0 1
  outer loop
    vertex 0 2.4 0.2869
    vertex 0.03312499999990979 2.4 0.2869
    vertex 0.03312499999990979 2.55 0.2869
  endloop
endfacet
facet normal 0 0 1
  outer loop
    vertex 0 2.4 0.2869
    vertex 0.03312499999990979 2.55 0.2869
    vertex 0 2.55 0.2869
  endloop
endfacet
facet normal 0 0 1
  outer loop
    vertex 0 2.55 0.2869
    vertex 0.03312499999990979 2.55 0.2869
    vertex 0.03312499999990979 2.7 0.2869
  endloop
endfacet
facet normal 0 0 1
  outer loop
    vertex 0 2.55 0.2869
    vertex 0.03312499999990979 2.7 0.2869
    vertex 0 2.7 0.2869
  endloop
endfacet
facet normal 0 0 1
  outer loop
    vertex 0 2.7 0.2869
    vertex 0.03312499999990979 2.7 0.2869
    vertex 0.03312499999990979 2.85 0.2869
  endloop
endfacet
facet normal 0 0 1
  outer loop
    vertex 0 2.7 0.2869
    vertex 0.03312499999990979 2.85 0.2869
    vertex 0 2.85 0.2869
  endloop
endfacet
facet normal 0 0 1
  outer loop
    vertex 0 2.85 0.2869
    vertex 0.03312499999990979 2.85 0.2869
    vertex 0.03312499999990979 3 0.2869
  endloop
endfacet
facet normal 0 0 1
  outer loop
    vertex 0 2.85 0.2869
    vertex 0.03312499999990979 3 0.2869
    vertex 0 3 0.2869
  endloop
endfacet
facet normal 0 0 1
  outer loop
    vertex 0.03312499999990979 0 0.2869
    vertex 0.06625 0 0.2869
    vertex 0.06625 0.15 0.2869
  endloop
endfacet
facet normal 0 0 1
  outer loop
    vertex 0.03312499999990979 0 0.2869
    vertex 0.06625 0.15 0.2869
    vertex 0.03312499999990979 0.15 0.2869
  endloop
endfacet
facet normal 0 0 1
  outer loop
    vertex 0.03312499999990979 0.15 0.2869
    vertex 0.06625 0.15 0.2869
    vertex 0.06625 0.3 0.2869
  endloop
endfacet
facet normal 0 0 1
  outer loop
    vertex 0.03312499999990979 0.15 0.2869
    vertex 0.06625 0.3 0.2869
    vertex 0.03312499999990979 0.3 0.2869
  endloop
endfacet
facet normal 0 0 1
  outer loop
    vertex 0.03312499999990979 0.3 0.2869
    vertex 0.06625 0.3 0.2869
    vertex 0.06625 0.45 0.2869
  endloop
endfacet
facet normal 0 0 1
  outer loop
    vertex 0.03312499999990979 0.3 0.2869
    vertex 0.06625 0.45 0.2869
    vertex 0.03312499999990979 0.45 0.2869
  endloop
endfacet
facet normal 0 0 1
  outer loop
    vertex 0.03312499999990979 0.45 0.2869
    vertex 0.06625 0.45 0.2869
    vertex 0.06625 0.6000000000000001 0.2869
  endloop
endfacet
facet normal 0 0 1
  outer loop
    vertex 0.03312499999990979 0.45 0.2869
    vertex 0.06625 0.6000000000000001 0.2869
    vertex 0.03312499999990979 0.6000000000000001 0.2869
  endloop
endfacet
facet normal 0 0 1
  outer loop
    vertex 0.03312499999990979 0.6000000000000001 0.2869
    vertex 0.06625 0.6000000000000001 0.2869
    vertex 0.06625 0.75 0.2869
  endloop
endfacet
facet normal 0 0 1
  outer loop
    vertex 0.03312499999990979 0.6000000000000001 0.2869
    vertex 0.06625 0.75 0.2869
    vertex 0.03312499999990979 0.75 0.2869
  endloop
endfacet
facet normal 0 0 1
  outer loop
    vertex 0.03312499999990979 0.75 0.2869
    vertex 0.06625 0.75 0.2869
    vertex 0.06625 0.8999999999999999 0.2869
  endloop
endfacet
facet normal 0 0 1
  outer loop
    vertex 0.03312499999990979 0.75 0.2869
    vertex 0.06625 0.8999999999999999 0.2869
    vertex 0.03312499999990979 0.8999999999999999 0.2869
  endloop
endfacet
facet normal 0 0 1
  outer loop
    vertex 0.03312499999990979 0.8999999999999999 0.2869
    vertex 0.06625 0.8999999999999999 0.2869
    vertex 0.06625 1.05 0.2869
  endloop
endfacet
facet normal 0 0 1
  outer loop
    vertex 0.03312499999990979 0.8999999999999999 0.2869
    vertex 0.06625 1.05 0.2869
    vertex 0.03312499999990979 1.05 0.2869
  endloop
endfacet
facet normal 0 0 1
  outer loop
    vertex 0.03312499999990979 1.05 0.2869
    vertex 0.06625 1.05 0.2869
    vertex 0.06625 1.2 0.2869
  endloop
endfacet
facet normal 0 0 1
  outer loop
    vertex 0.03312499999990979 1.05 0.2869
    vertex 0.06625 1.2 0.2869
    vertex 0.03312499999990979 1.2 0.2869
  endloop
endfacet
facet normal 0 0 1
  outer loop
    vertex 0.03312499999990979 1.2 0.2869
    vertex 0.06625 1.2 0.2869
    vertex 0.06625 1.35 0.2869
  endloop
endfacet
facet normal 0 0 1
  outer loop
    vertex 0.03312499999990979 1.2 0.2869
    vertex 0.06625 1.35 0.2869
    vertex 0.03312499999990979 1.35 0.2869
  endloop
endfacet
facet normal 0 0 1
  outer loop
    vertex 0.03312499999990979 1.35 0.2869
    vertex 0.06625 1.35 0.2869
    vertex 0.06625 1.5 0.2869
  endloop
endfacet
facet normal 0 0 1
  outer loop
    vertex 0.03312499999990979 1.35 0.2869
    vertex 0.06625 1.5 0.2869
    vertex 0.03312499999990979 1.5 0.2869
  endloop
endfacet
facet normal 0 0 1
  outer loop
    vertex 0.03312499999990979 1.5 0.2869
    vertex 0.06625 1.5 0.2869
    vertex 0.06625 1.65 0.2869
  endloop
endfacet
facet normal 0 0 1
  outer loop
    vertex 0.03312499999990979 1.5 0.2869
    vertex 0.06625 1.65 0.2869
    vertex 0.03312499999990979 1.65 0.2869
  endloop
endfacet
facet normal 0 0 1
  outer loop
    vertex 0.03312499999990979 1.65 0.2869
    vertex 0.06625 1.65 0.2869
    vertex 0.06625 1.8 0.2869
  endloop
endfacet
facet normal 0 0 1
  outer loop
    vertex 0.03312499999990979 1.65 0.2869
    vertex 0.06625 1.8 0.2869
    vertex 0.03312499999990979 1.8 0.2869
  endloop
endfacet
facet normal 0 0 1
  outer loop
    vertex 0.03312499999990979 1.8 0.2869
    vertex 0.06625 1.8 0.2869
    vertex 0.06625 1.95 0.2869
  endloop
endfacet
facet normal 0 0 1
  outer loop
    vertex 0.03312499999990979 1.8 0.2869
    vertex 0.06625 1.95 0.2869
    vertex 0.03312499999990979 1.95 0.2869
  endloop
endfacet
facet normal 0 0 1
  outer loop
    vertex 0.03312499999990979 1.95 0.2869
    vertex 0.06625 1.95 0.2869
    vertex 0.06625 2.1 0.2869
  endloop
endfacet
facet normal 0 0 1
  outer loop
    vertex 0.03312499999990979 1.95 0.2869
    vertex 0.06625 2.1 0.2869
    vertex 0.03312499999990979 2.1 0.2869
  endloop
endfacet
facet normal 0 0 1
  outer loop
    vertex 0.03312499999990979 2.1 0.2869
    vertex 0.06625 2.1 0.2869
    vertex 0.06625 2.25 0.2869
  endloop
endfacet
facet normal 0 0 1
  outer loop
    vertex 0.03312499999990979 2.1 0.2869
    vertex 0.06625 2.25 0.2869
    vertex 0.03312499999990979 2.25 0.2869
  endloop
endfacet
facet normal 0 0 1
  outer loop
    vertex 0.03312499999990979 2.25 0.2869
    vertex 0.06625 2.25 0.2869
    vertex 0.06625 2.4 0.2869
  endloop
endfacet
facet normal 0 0 1
  outer loop
    vertex 0.03312499999990979 2.25 0.2869
    vertex 0.06625 2.4 0.2869
    vertex 0.03312499999990979 2.4 0.2869
  endloop
endfacet
facet normal 0 0 1
  outer loop
    vertex 0.03312499999990979 2.4 0.2869
    vertex 0.06625 2.4 0.2869
    vertex 0.06625 2.55 0.2869
  endloop
endfacet
facet normal 0 0 1
  outer loop
    vertex 0.03312499999990979 2.4 0.2869
    vertex 0.06625 2.55 0.2869
    vertex 0.03312499999990979 2.55 0.2869
  endloop
endfacet
facet normal 0 0 1
  outer loop
    vertex 0.03312499999990979 2.55 0.2869
    vertex 0.06625 2.55 0.2869
    vertex 0.06625 2.7 0.2869
  endloop
endfacet
facet normal 0 0 1
  outer loop
    vertex 0.03312499999990979 2.55 0.2869
    vertex 0.06625 2.7 0.2869
    vertex 0.03312499999990979 2.7 0.2869
  endloop
endfacet
facet normal 0 0 1
  outer loop
    vertex 0.03312499999990979 2.7 0.2869
    vertex 0.06625 2.7 0.2869
    vertex 0.06625 2.85 0.2869
  endloop
endfacet
facet normal 0 0 1
  outer loop
    vertex 0.03312499999990979 2.7 0.2869
    vertex 0.06625 2.85 0.2869
    vertex 0.03312499999990979 2.85 0.2869
  endloop
endfacet
facet normal 0 0 1
  outer loop
    vertex 0.03312499999990979 2.85 0.2869
    vertex 0.06625 2.85 0.2869
    vertex 0.06625 3 0.2869
  endloop
endfacet
facet normal 0 0 1
  outer loop
    vertex 0.03312499999990979 2.85 0.2869
    vertex 0.06625 3 0.2869
    vertex 0.03312499999990979 3 0.2869
  endloop
endfacet
facet normal 1 0 0
  outer loop
    vertex 0.06625 0 0.2869
    vertex 0.06625 0 0.2412666666667787
    vertex 0.06625 0.15 0.2412666666667787
  endloop
endfacet
facet normal 1 0 0
  outer loop
    vertex 0.06625 0 0.2869
    vertex 0.06625 0.15 0.2412666666667787
    vertex 0.06625 0.15 0.2869
  endloop
endfacet
facet normal 1 0 0
  outer loop
    vertex 0.06625 0.15 0.2869
    vertex 0.06625 0.15 0.2412666666667787
    vertex 0.06625 0.3 0.2412666666667787
  endloop
endfacet
facet normal 1 0 0
  outer loop
    vertex 0.06625 0.15 0.2869
    vertex 0.06625 0.3 0.2412666666667787
    vertex 0.06625 0.3 0.2869
  endloop
endfacet
facet normal 1 0 0
  outer loop
    vertex 0.06625 0.3 0.2869
    vertex 0.06625 0.3 0.2412666666667787
    vertex 0.06625 0.45 0.2412666666667787
  endloop
endfacet
facet normal 1 0 0
  outer loop
    vertex 0.06625 0.3 0.2869
    vertex 0.06625 0.45 0.2412666666667787
    vertex 0.06625 0.45 0.2869
  endloop
endfacet
facet normal 1 0 0
  outer loop
    vertex 0.06625 0.45 0.2869
    vertex 0.06625 0.45 0.2412666666667787
    vertex 0.06625 0.6000000000000001 0.2412666666667787
  endloop
endfacet
facet normal 1 0 0
  outer loop
    vertex 0.06625 0.45 0.2869
    vertex 0.06625 0.6000000000000001 0.2412666666667787
    vertex 0.06625 0.6000000000000001 0.2869
  endloop
endfacet
facet normal 1 0 0
  outer loop
    vertex 0.06625 0.6000000000000001 0.2869
    vertex 0.06625 0.6000000000000001 0.2412666666667787
    vertex 0.06625 0.75 0.2412666666667787
  endloop
endfacet
facet normal 1 0 0
  outer loop
    vertex 0.06625 0.6000000000000001 0.2869
    vertex 0.06625 0.75 0.2412666666667787
    vertex 0.06625 0.75 0.2869
  endloop
endfacet
facet normal 1 0 0
  outer loop
    vertex 0.06625 0.75 0.2869
    vertex 0.06625 0.75 0.2412666666667787
    vertex 0.06625 0.8999999999999999 0.2412666666667787
  endloop
endfacet
facet normal 1 0 0
  outer loop
    vertex 0.06625 0.75 0.2869
    vertex 0.06625 0.8999999999999999 0.2412666666667787
    vertex 0.06625 0.8999999999999999 0.2869
  endloop
endfacet
facet normal 1 0 0
  outer loop
    vertex 0.06625 0.8999999999999999 0.2869
    vertex 0.06625 0.8999999999999999 0.2412666666667787
    vertex 0.06625 1.05 0.2412666666667787
  endloop
endfacet
facet normal 1 0 0
  outer loop
    vertex 0.06625 0.8999999999999999 0.2869
    vertex 0.06625 1.05 0.2412666666667787
    vertex 0.06625 1.05 0.2869
  endloop
endfacet
facet normal 1 0 0
  outer loop
    vertex 0.06625 1.05 0.2869
    vertex 0.06625 1.05 0.2412666666667787
    vertex 0.06625 1.2 0.2412666666667787
  endloop
endfacet
facet normal 1 0 0
  outer loop
    vertex 0.06625 1.05 0.2869
    vertex 0.06625 1.2 0.2412666666667787
    vertex 0.06625 1.2 0.2869
  endloop
endfacet
facet normal 1 0 0
  outer loop
    vertex 0.06625 1.2 0.2869
    vertex 0.06625 1.2 0.2412666666667787
    vertex 0.06625 1.35 0.2412666666667787
  endloop
endfacet
facet normal 1 0 0
  outer loop
    vertex 0.06625 1.2 0.2869
    vertex 0.06625 1.35 0.2412666666667787
    vertex 0.06625 1.35 0.2869
  endloop
endfacet
facet normal 1 0 0
  outer loop
    vertex 0.06625 1.35 0.2869
    vertex 0.06625 1.35 0.2412666666667787
    vertex 0.06625 1.5 0.2412666666667787
  endloop
endfacet
facet normal 1 0 0
  outer loop
    vertex 0.06625 1.35 0.2869
    vertex 0.06625 1.5 0.2412666666667787
    vertex 0.06625 1.5 0.2869
  endloop
endfacet
facet normal 1 0 0
  outer loop
    vertex 0.06625 1.5 0.2869
    vertex 0.06625 1.5 0.2412666666667787
    vertex 0.06625 1.65 0.2412666666667787
  endloop
endfacet
facet normal 1 0 0
  outer loop
    vertex 0.06625 1.5 0.2869
    vertex 0.06625 1.65 0.2412666666667787
    vertex 0.06625 1.65 0.2869
  endloop
endfacet
facet normal 1 0 0
  outer loop
    vertex 0.06625 1.65 0.2869
    vertex 0.06625 1.65 0.2412666666667787
    vertex 0.06625 1.8 0.2412666666667787
  endloop
endfacet
facet normal 1 0 0
  outer loop
    vertex 0.06625 1.65 0.2869
    vertex 0.06625 1.8 0.2412666666667787
    vertex 0.06625 1.8 0.2869
  endloop
endfacet
facet normal 1 0 0
  outer loop
    vertex 0.06625 1.8 0.2869
    vertex 0.06625 1.8 0.2412666666667787
    vertex 0.06625 1.95 0.2412666666667787
  endloop
endfacet
facet normal 1 0 0
  outer loop
    vertex 0.06625 1.8 0.2869
    vertex 0.06625 1.95 0.2412666666667787
    vertex 0.06625 1.95 0.2869
  endloop
endfacet
facet normal 1 0 0
  outer loop
    vertex 0.06625 1.95 0.2869
    vertex 0.06625 1.95 0.2412666666667787
    vertex 0.06625 2.1 0.2412666666667787
  endloop
endfacet
facet normal 1 0 0
  outer loop
    vertex 0.06625 1.95 0.2869
    vertex 0.06625 2.1 0.2412666666667787
    vertex 0.06625 2.1 0.2869
  endloop
endfacet
facet normal 1 0 0
  outer loop
    vertex 0.06625 2.1 0.2869
    vertex 0.06625 2.1 0.2412666666667787
    vertex 0.06625 2.25 0.2412666666667787
  endloop
endfacet
facet normal 1 0 0
  outer loop
    vertex 0.06625 2.1 0.2869
    vertex 0.06625 2.25 0.2412666666667787
    vertex 0.06625 2.25 0.2869
  endloop
endfacet
facet normal 1 0 0
  outer loop
    vertex 0.06625 2.25 0.2869
    vertex 0.06625 2.25 0.2412666666667787
    vertex 0.06625 2.4 0.2412666666667787
  endloop
endfacet
facet normal 1 0 0
  outer loop
    vertex 0.06625 2.25 0.2869
    vertex 0.06625 2.4 0.2412666666667787
    vertex 0.06625 2.4 0.2869
  endloop
endfacet
facet normal 1 0 0
  outer loop
    vertex 0.06625 2.4 0.2869
    vertex 0.06625 2.4 0.2412666666667787
    vertex 0.06625 2.55 0.2412666666667787
  endloop
endfacet
facet normal 1 0 0
  outer loop
    vertex 0.06625 2.4 0.2869
    vertex 0.06625 2.55 0.2412666666667787
    vertex 0.06625 2.55 0.2869
  endloop
endfacet
facet normal 1 0 0
  outer loop
    vertex 0.06625 2.55 0.2869
    vertex 0.06625 2.55 0.2412666666667787
    vertex 0.06625 2.7 0.2412666666667787
  endloop
endfacet
facet normal 1 0 0
  outer loop
    vertex 0.06625 2.55 0.2869
    vertex 0.06625 2.7 0.2412666666667787
    vertex 0.06625 2.7 0.2869
  endloop
endfacet
facet normal 1 0 0
  outer loop
    vertex 0.06625 2.7 0.2869
    vertex 0.06625 2.7 0.2412666666667787
    vertex 0.06625 2.85 0.2412666666667787
  endloop
endfacet
facet normal 1 0 0
  outer loop
    vertex 0.06625 2.7 0.2869
    vertex 0.06625 2.85 0.2412666666667787
    vertex 0.06625 2.85 0.2869
  endloop
endfacet
facet normal 1 0 0
  outer loop
    vertex 0.06625 2.85 0.2869
    vertex 0.06625 2.85 0.2412666666667787
    vertex 0.06625 3 0.2412666666667787
  endloop
endfacet
facet normal 1 0 0
  outer loop
    vertex 0.06625 2.85 0.2869
    vertex 0.06625 3 0.2412666666667787
    vertex 0.06625 3 0.2869
  endloop
endfacet
facet normal 1 0 0
  outer loop
    vertex 0.06625 0 0.2412666666667787
    vertex 0.06625 0 0.1956333333335792
    vertex 0.06625 0.15 0.1956333333335792
  endloop
endfacet
facet normal 1 0 0
  outer loop
    vertex 0.06625 0 0.2412666666667787
    vertex 0.06625 0.15 0.1956333333335792
    vertex 0.06625 0.15 0.2412666666667787
  endloop
endfacet
facet normal 1 0 0
  outer loop
    vertex 0.06625 0.15 0.2412666666667787
    vertex 0.06625 0.15 0.1956333333335792
    vertex 0.06625 0.3 0.1956333333335792
  endloop
endfacet
facet normal 1 0 0
  outer loop
    vertex 0.06625 0.15 0.2412666666667787
    vertex 0.06625 0.3 0.1956333333335792
    vertex 0.06625 0.3 0.2412666666667787
  endloop
endfacet
facet normal 1 0 0
  outer loop
    vertex 0.06625 0.3 0.2412666666667787
    vertex 0.06625 0.3 0.1956333333335792
    vertex 0.06625 0.45 0.1956333333335792
  endloop
endfacet
facet normal 1 0 0
  outer loop
    vertex 0.06625 0.3 0.2412666666667787
    vertex 0.06625 0.45 0.1956333333335792
    vertex 0.06625 0.45 0.2412666666667787
  endloop
endfacet
facet normal 1 0 0
  outer loop
    vertex 0.06625 0.45 0.2412666666667787
    vertex 0.06625 0.45 0.1956333333335792
    vertex 0.06625 0.6000000000000001 0.1956333333335792
  endloop
endfacet
facet normal 1 0 0
  outer loop
    vertex 0.06625 0.45 0.2412666666667787
    vertex 0.06625 0.6000000000000001 0.1956333333335792
    vertex 0.06625 0.6000000000000001 0.2412666666667787
  endloop
endfacet
facet normal 1 0 0
  outer loop
    vertex 0.06625 0.6000000000000001 0.2412666666667787
    vertex 0.06625 0.6000000000000001 0.1956333333335792
    vertex 0.06625 0.75 0.1956333333335792
  endloop
endfacet
facet normal 1 0 0
  outer loop
    vertex 0.06625 0.6000000000000001 0.2412666666667787
    vertex 0.06625 0.75 0.1956333333335792
    vertex 0.06625 0.75 0.2412666666667787
  endloop
endfacet
facet normal 1 0 0
  outer loop
    vertex 0.06625 0.75 0.2412666666667787
    vertex 0.06625 0.75 0.1956333333335792
    vertex 0.06625 0.8999999999999999 0.1956333333335792
  endloop
endfacet
facet normal 1 0 0
  outer loop
    vertex 0.06625 0.75 0.2412666666667787
    vertex 0.06625 0.8999999999999999 0.1956333333335792
    vertex 0.06625 0.8999999999999999 0.2412666666667787
  endloop
endfacet
facet normal 1 0 0
  outer loop
    vertex 0.06625 0.8999999999999999 0.2412666666667787
    vertex 0.06625 0.8999999999999999 0.1956333333335792
    vertex 0.06625 1.05 0.1956333333335792
  endloop
endfacet
facet normal 1 0 0
  outer loop
    vertex 0.06625 0.8999999999999999 0.2412666666667787
    vertex 0.06625 1.05 0.1956333333335792
    vertex 0.06625 1.05 0.2412666666667787
  endloop
endfacet
facet normal 1 0 0
  outer loop
    vertex 0.06625 1.05 0.2412666666667787
    vertex 0.06625 1.05 0.1956333333335792
    vertex 0.06625 1.2 0.1956333333335792
  endloop
endfacet
facet normal 1 0 0
  outer loop
    vertex 0.06625 1.05 0.2412666666667787
    vertex 0.06625 1.2 0.1956333333335792
    vertex 0.06625 1.2 0.2412666666667787
  endloop
endfacet
facet normal 1 0 0
  outer loop
    vertex 0.06625 1.2 0.2412666666667787
    vertex 0.06625 1.2 0.1956333333335792
    vertex 0.06625 1.35 0.1956333333335792
  endloop
endfacet
facet normal 1 0 0
  outer loop
    vertex 0.06625 1.2 0.2412666666667787
    vertex 0.06625 1.35 0.1956333333335792
    vertex 0.06625 1.35 0.2412666666667787
  endloop
endfacet
facet normal 1 0 0
  outer loop
    vertex 0.06625 1.35 0.2412666666667787
    vertex 0.06625 1.35 0.1956333333335792
    vertex 0.06625 1.5 0.1956333333335792
  endloop
endfacet
facet normal 1 0 0
  outer loop
    vertex 0.06625 1.35 0.2412666666667787
    vertex 0.06625 1.5 0.1956333333335792
    vertex 0.06625 1.5 0.2412666666667787
  endloop
endfacet
facet normal 1 0 0
  outer loop
    vertex 0.06625 1.5 0.2412666666667787
    vertex 0.06625 1.5 0.1956333333335792
    vertex 0.06625 1.65 0.1956333333335792
  endloop
endfacet
facet normal 1 0 0
  outer loop
    vertex 0.06625 1.5 0.2412666666667787
    vertex 0.06625 1.65 0.1956333333335792
    vertex 0.06625 1.65 0.2412666666667787
  endloop
endfacet
facet normal 1 0 0
  outer loop
    vertex 0.06625 1.65 0.2412666666667787
    vertex 0.06625 1.65 0.1956333333335792
    vertex 0.06625 1.8 0.1956333333335792
  endloop
endfacet
facet normal 1 0 0
  outer loop
    vertex 0.06625 1.65 0.2412666666667787
    vertex 0.06625 1.8 0.1956333333335792
    vertex 0.06625 1.8 0.2412666666667787
  endloop
endfacet
facet normal 1 0 0
  outer loop
    vertex 0.06625 1.8 0.2412666666667787
    vertex 0.06625 1.8 0.1956333333335792
    vertex 0.06625 1.95 0.1956333333335792
  endloop
endfacet
facet normal 1 0 0
  outer loop
    vertex 0.06625 1.8 0.2412666666667787
    vertex 0.06625 1.95 0.1956333333335792
    vertex 0.06625 1.95 0.2412666666667787
  endloop
endfacet
facet normal 1 0 0
  outer loop
    vertex 0.06625 1.95 0.2412666666667787
    vertex 0.06625 1.95 0.1956333333335792
    vertex 0.06625 2.1 0.1956333333335792
  endloop
endfacet
facet normal 1 0 0
  outer loop
    vertex 0.06625 1.95 0.2412666666667787
    vertex 0.06625 2.1 0.1956333333335792
    vertex 0.06625 2.1 0.2412666666667787
  endloop
endfacet
facet normal 1 0 0
  outer loop
    vertex 0.06625 2.1 0.2412666666667787
    vertex 0.06625 2.1 0.1956333333335792
    vertex 0.06625 2.25 0.1956333333335792
  endloop
endfacet
facet normal 1 0 0
  outer loop
    vertex 0.06625 2.1 0.2412666666667787
    vertex 0.06625 2.25 0.1956333333335792
    vertex 0.06625 2.25 0.2412666666667787
  endloop
endfacet
facet normal 1 0 0
  outer loop
    vertex 0.06625 2.25 0.2412666666667787
    vertex 0.06625 2.25 0.1956333333335792
    vertex 0.06625 2.4 0.1956333333335792
  endloop
endfacet
facet normal 1 0 0
  outer loop
    vertex 0.06625 2.25 0.2412666666667787
    vertex 0.06625 2.4 0.1956333333335792
    vertex 0.06625 2.4 0.2412666666667787
  endloop
endfacet
facet normal 1 0 0
  outer loop
    vertex 0.06625 2.4 0.2412666666667787
    vertex 0.06625 2.4 0.1956333333335792
    vertex 0.06625 2.55 0.1956333333335792
  endloop
endfacet
facet normal 1 0 0
  outer loop
    vertex 0.06625 2.4 0.2412666666667787
    vertex 0.06625 2.55 0.1956333333335792
    vertex 0.06625 2.55 0.2412666666667787
  endloop
endfacet
facet normal 1 0 0
  outer loop
    vertex 0.06625 2.55 0.2412666666667787
    vertex 0.06625 2.55 0.1956333333335792
    vertex 0.06625 2.7 0.1956333333335792
  endloop
endfacet
facet normal 1 0 0
  outer loop
    vertex 0.06625 2.55 0.2412666666667787
    vertex 0.06625 2.7 0.1956333333335792
    vertex 0.06625 2.7 0.2412666666667787
  endloop
endfacet
facet normal 1 0 0
  outer loop
    vertex 0.06625 2.7 0.2412666666667787
    vertex 0.06625 2.7 0.1956333333335792
    vertex 0.06625 2.85 0.1956333333335792
  endloop
endfacet
facet normal 1 0 0
  outer loop
    vertex 0.06625 2.7 0.2412666666667787
    vertex 0.06625 2.85 0.1956333333335792
    vertex 0.06625 2.85 0.2412666666667787
  endloop
endfacet
facet normal 1 0 0
  outer loop
    vertex 0.06625 2.85 0.2412666666667787
    vertex 0.06625 2.85 0.1956333333335792
    vertex 0.06625 3 0.1956333333335792
  endloop
endfacet
facet normal 1 0 0
  outer loop
    vertex 0.06625 2.85 0.2412666666667787
    vertex 0.06625 3 0.1956333333335792
    vertex 0.06625 3 0.2412666666667787
  endloop
endfacet
facet normal 1 0 0
  outer loop
    vertex 0.06625 0 0.1956333333335792
    vertex 0.06625 0 0.1500000000003633
    vertex 0.06625 0.15 0.1500000000003633
  endloop
endfacet
facet normal 1 0 0
  outer loop
    vertex 0.06625 0 0.1956333333335792
    vertex 0.06625 0.15 0.1500000000003633
    vertex 0.06625 0.15 0.1956333333335792
  endloop
endfacet
facet normal 1 0 0
  outer loop
    vertex 0.06625 0.15 0.1956333333335792
    vertex 0.06625 0.15 0.1500000000003633
    vertex 0.06625 0.3 0.1500000000003633
  endloop
endfacet
facet normal 1 0 0
  outer loop
    vertex 0.06625 0.15 0.1956333333335792
    vertex 0.06625 0.3 0.1500000000003633
    vertex 0.06625 0.3 0.1956333333335792
  endloop
endfacet
facet normal 1 0 0
  outer loop
    vertex 0.06625 0.3 0.1956333333335792
    vertex 0.06625 0.3 0.1500000000003633
    vertex 0.06625 0.45 0.1500000000003633
  endloop
endfacet
facet normal 1 0 0
  outer loop
    vertex 0.06625 0.3 0.1956333333335792
    vertex 0.06625 0.45 0.1500000000003633
    vertex 0.06625 0.45 0.1956333333335792
  endloop
endfacet
facet normal 1 0 0
  outer loop
    vertex 0.06625 0.45 0.1956333333335792
    vertex 0.06625 0.45 0.1500000000003633
    vertex 0.06625 0.6000000000000001 0.1500000000003633
  endloop
endfacet
facet normal 1 0 0
  outer loop
    vertex 0.06625 0.45 0.1956333333335792
    vertex 0.06625 0.6000000000000001 0.1500000000003633
    vertex 0.06625 0.6000000000000001 0.1956333333335792
  endloop
endfacet
facet normal 1 0 0
  outer loop
    vertex 0.06625 0.6000000000000001 0.1956333333335792
    vertex 0.06625 0.6000000000000001 0.1500000000003633
    vertex 0.06625 0.75 0.1500000000003633
  endloop
endfacet
facet normal 1 0 0
  outer loop
    vertex 0.06625 0.6000000000000001 0.1956333333335792
    vertex 0.06625 0.75 0.1500000000003633
    vertex 0.06625 0.75 0.1956333333335792
  endloop
endfacet
facet normal 1 0 0
  outer loop
    vertex 0.06625 0.75 0.1956333333335792
    vertex 0.06625 0.75 0.1500000000003633
    vertex 0.06625 0.8999999999999999 0.1500000000003633
  endloop
endfacet
facet normal 1 0 0
  outer loop
    vertex 0.06625 0.75 0.1956333333335792
    vertex 0.06625 0.8999999999999999 0.1500000000003633
    vertex 0.06625 0.8999999999999999 0.1956333333335792
  endloop
endfacet
facet normal 1 0 0
  outer loop
    vertex 0.06625 0.8999999999999999 0.1956333333335792
    vertex 0.06625 0.8999999999999999 0.1500000000003633
    vertex 0.06625 1.05 0.1500000000003633
  endloop
endfacet
facet normal 1 0 0
  outer loop
    vertex 0.06625 0.8999999999999999 0.1956333333335792
    vertex 0.06625 1.05 0.1500000000003633
    vertex 0.06625 1.05 0.1956333333335792
  endloop
endfacet
facet normal 1 0 0
  outer loop
    vertex 0.06625 1.05 0.1956333333335792
    vertex 0.06625 1.05 0.1500000000003633
    vertex 0.06625 1.2 0.1500000000003633
  endloop
endfacet
facet normal 1 0 0
  outer loop
    vertex 0.06625 1.05 0.1956333333335792
    vertex 0.06625 1.2 0.1500000000003633
    vertex 0.06625 1.2 0.1956333333335792
  endloop
endfacet
facet normal 1 0 0
  outer loop
    vertex 0.06625 1.2 0.1956333333335792
    vertex 0.06625 1.2 0.1500000000003633
    vertex 0.06625 1.35 0.1500000000003633
  endloop
endfacet
facet normal 1 0 0
  outer loop
    vertex 0.06625 1.2 0.1956333333335792
    vertex 0.06625 1.35 0.1500000000003633
    vertex 0.06625 1.35 0.1956333333335792
  endloop
endfacet
facet normal 1 0 0
  outer loop
    vertex 0.06625 1.35 0.1956333333335792
    vertex 0.06625 1.35 0.1500000000003633
    vertex 0.06625 1.5 0.1500000000003633
  endloop
endfacet
facet normal 1 0 0
  outer loop
    vertex 0.06625 1.35 0.1956333333335792
    vertex 0.06625 1.5 0.1500000000003633
    vertex 0.06625 1.5 0.1956333333335792
  endloop
endfacet
facet normal 1 0 0
  outer loop
    vertex 0.06625 1.5 0.1956333333335792
    vertex 0.06625 1.5 0.1500000000003633
    vertex 0.06625 1.65 0.1500000000003633
  endloop
endfacet
facet normal 1 0 0
  outer loop
    vertex 0.06625 1.5 0.1956333333335792
    vertex 0.06625 1.65 0.1500000000003633
    vertex 0.06625 1.65 0.1956333333335792
  endloop
endfacet
facet normal 1 0 0
  outer loop
    vertex 0.06625 1.65 0.1956333333335792
    vertex 0.06625 1.65 0.1500000000003633
    vertex 0.06625 1.8 0.1500000000003633
  endloop
endfacet
facet normal 1 0 0
  outer loop
    vertex 0.06625 1.65 0.1956333333335792
    vertex 0.06625 1.8 0.1500000000003633
    vertex 0.06625 1.8 0.1956333333335792
  endloop
endfacet
facet normal 1 0 0
  outer loop
    vertex 0.06625 1.8 0.1956333333335792
    vertex 0.06625 1.8 0.1500000000003633
    vertex 0.06625 1.95 0.1500000000003633
  endloop
endfacet
facet normal 1 0 0
  outer loop
    vertex 0.06625 1.8 0.1956333333335792
    vertex 0.06625 1.95 0.1500000000003633
    vertex 0.06625 1.95 0.1956333333335792
  endloop
endfacet
facet normal 1 0 0
  outer loop
    vertex 0.06625 1.95 0.1956333333335792
    vertex 0.06625 1.95 0.1500000000003633
    vertex 0.06625 2.1 0.1500000000003633
  endloop
endfacet
facet normal 1 0 0
  outer loop
    vertex 0.06625 1.95 0.1956333333335792
    vertex 0.06625 2.1 0.1500000000003633
    vertex 0.06625 2.1 0.1956333333335792
  endloop
endfacet
facet normal 1 0 0
  outer loop
    vertex 0.06625 2.1 0.1956333333335792
    vertex 0.06625 2.1 0.1500000000003633
    vertex 0.06625 2.25 0.1500000000003633
  endloop
endfacet
facet normal 1 0 0
  outer loop
    vertex 0.06625 2.1 0.1956333333335792
    vertex 0.06625 2.25 0.1500000000003633
    vertex 0.06625 2.25 0.1956333333335792
  endloop
endfacet
facet normal 1 0 0
  outer loop
    vertex 0.06625 2.25 0.1956333333335792
    vertex 0.06625 2.25 0.1500000000003633
    vertex 0.06625 2.4 0.1500000000003633
  endloop
endfacet
facet normal 1 0 0
  outer loop
    vertex 0.06625 2.25 0.1956333333335792
    vertex 0.06625 2.4 0.1500000000003633
    vertex 0.06625 2.4 0.1956333333335792
  endloop
endfacet
facet normal 1 0 0
  outer loop
    vertex 0.06625 2.4 0.1956333333335792
    vertex 0.06625 2.4 0.1500000000003633
    vertex 0.06625 2.55 0.1500000000003633
  endloop
endfacet
facet normal 1 0 0
  outer loop
    vertex 0.06625 2.4 0.1956333333335792
    vertex 0.06625 2.55 0.1500000000003633
    vertex 0.06625 2.55 0.1956333333335792
  endloop
endfacet
facet normal 1 0 0
  outer loop
    vertex 0.06625 2.55 0.1956333333335792
    vertex 0.06625 2.55 0.1500000000003633
    vertex 0.06625 2.7 0.1500000000003633
  endloop
endfacet
facet normal 1 0 0
  outer loop
    vertex 0.06625 2.55 0.1956333333335792
    vertex 0.06625 2.7 0.1500000000003633
    vertex 0.06625 2.7 0.1956333333335792
  endloop
endfacet
facet normal 1 0 0
  outer loop
    vertex 0.06625 2.7 0.1956333333335792
    vertex 0.06625 2.7 0.1500000000003633
    vertex 0.06625 2.85 0.1500000000003633
  endloop
endfacet
facet normal 1 0 0
  outer loop
    vertex 0.06625 2.7 0.1956333333335792
    vertex 0.06625 2.85 0.1500000000003633
    vertex 0.06625 2.85 0.1956333333335792
  endloop
endfacet
facet normal 1 0 0
  outer loop
    vertex 0.06625 2.85 0.1956333333335792
    vertex 0.06625 2.85 0.1500000000003633
    vertex 0.06625 3 0.1500000000003633
  endloop
endfacet
facet normal 1 0 0
  outer loop
    vertex 0.06625 2.85 0.1956333333335792
    vertex 0.06625 3 0.1500000000003633
    vertex 0.06625 3 0.1956333333335792
  endloop
endfacet
facet normal 1 0 0
  outer loop
    vertex 0.06625 0 0.1500000000003633
    vertex 0.06625 0 0.1043666666669109
    vertex 0.06625 0.15 0.1043666666669109
  endloop
endfacet
facet normal 1 0 0
  outer loop
    vertex 0.06625 0 0.1500000000003633
    vertex 0.06625 0.15 0.1043666666669109
    vertex 0.06625 0.15 0.1500000000003633
  endloop
endfacet
facet normal 1 0 0
  outer loop
    vertex 0.06625 0.15 0.1500000000003633
    vertex 0.06625 0.15 0.1043666666669109
    vertex 0.06625 0.3 0.1043666666669109
  endloop
endfacet
facet normal 1 0 0
  outer loop
    vertex 0.06625 0.15 0.1500000000003633
    vertex 0.06625 0.3 0.1043666666669109
    vertex 0.06625 0.3 0.1500000000003633
  endloop
endfacet
facet normal 1 0 0
  outer loop
    vertex 0.06625 0.3 0.1500000000003633
    vertex 0.06625 0.3 0.1043666666669109
    vertex 0.06625 0.45 0.1043666666669109
  endloop
endfacet
facet normal 1 0 0
  outer loop
    vertex 0.06625 0.3 0.1500000000003633
    vertex 0.06625 0.45 0.1043666666669109
    vertex 0.06625 0.45 0.1500000000003633
  endloop
endfacet
facet normal 1 0 0
  outer loop
    vertex 0.06625 0.45 0.1500000000003633
    vertex 0.06625 0.45 0.1043666666669109
    vertex 0.06625 0.6000000000000001 0.1043666666669109
  endloop
endfacet
facet normal 1 0 0
  outer loop
    vertex 0.06625 0.45 0.1500000000003633
    vertex 0.06625 0.6000000000000001 0.1043666666669109
    vertex 0.06625 0.6000000000000001 0.1500000000003633
  endloop
endfacet
facet normal 1 0 0
  outer loop
    vertex 0.06625 0.6000000000000001 0.1500000000003633
    vertex 0.06625 0.6000000000000001 0.1043666666669109
    vertex 0.06625 0.75 0.1043666666669109
  endloop
endfacet
facet normal 1 0 0
  outer loop
    vertex 0.06625 0.6000000000000001 0.1500000000003633
    vertex 0.06625 0.75 0.1043666666669109
    vertex 0.06625 0.75 0.1500000000003633
  endloop
endfacet
facet normal 1 0 0
  outer loop
    vertex 0.06625 0.75 0.1500000000003633
    vertex 0.06625 0.75 0.1043666666669109
    vertex 0.06625 0.8999999999999999 0.1043666666669109
  endloop
endfacet
facet normal 1 0 0
  outer loop
    vertex 0.06625 0.75 0.1500000000003633
    vertex 0.06625 0.8999999999999999 0.1043666666669109
    vertex 0.06625 0.8999999999999999 0.1500000000003633
  endloop
endfacet
facet normal 1 0 0
  outer loop
    vertex 0.06625 0.8999999999999999 0.1500000000003633
    vertex 0.06625 0.8999999999999999 0.1043666666669109
    vertex 0.06625 1.05 0.1043666666669109
  endloop
endfacet
facet normal 1 0 0
  outer loop
    vertex 0.06625 0.8999999999999999 0.1500000000003633
    vertex 0.06625 1.05 0.1043666666669109
    vertex 0.06625 1.05 0.1500000000003633
  endloop
endfacet
facet normal 1 0 0
  outer loop
    vertex 0.06625 1.05 0.1500000000003633
    vertex 0.06625 1.05 0.1043666666669109
    vertex 0.06625 1.2 0.1043666666669109
  endloop
endfacet
facet normal 1 0 0
  outer loop
    vertex 0.06625 1.05 0.1500000000003633
    vertex 0.06625 1.2 0.1043666666669109
    vertex 0.06625 1.2 0.1500000000003633
  endloop
endfacet
facet normal 1 0 0
  outer loop
    vertex 0.06625 1.2 0.1500000000003633
    vertex 0.06625 1.2 0.1043666666669109
    vertex 0.06625 1.35 0.1043666666669109
  endloop
endfacet
facet normal 1 0 0
  outer loop
    vertex 0.06625 1.2 0.1500000000003633
    vertex 0.06625 1.35 0.1043666666669109
    vertex 0.06625 1.35 0.1500000000003633
  endloop
endfacet
facet normal 1 0 0
  outer loop
    vertex 0.06625 1.35 0.1500000000003633
    vertex 0.06625 1.35 0.1043666666669109
    vertex 0.06625 1.5 0.1043666666669109
  endloop
endfacet
facet normal 1 0 0
  outer loop
    vertex 0.06625 1.35 0.1500000000003633
    vertex 0.06625 1.5 0.1043666666669109
    vertex 0.06625 1.5 0.1500000000003633
  endloop
endfacet
facet normal 1 0 0
  outer loop
    vertex 0.06625 1.5 0.1500000000003633
    vertex 0.06625 1.5 0.1043666666669109
    vertex 0.06625 1.65 0.1043666666669109
  endloop
endfacet
facet normal 1 0 0
  outer loop
    vertex 0.06625 1.5 0.1500000000003633
    vertex 0.06625 1.65 0.1043666666669109
    vertex 0.06625 1.65 0.1500000000003633
  endloop
endfacet
facet normal 1 0 0
  outer loop
    vertex 0.06625 1.65 0.1500000000003633
    vertex 0.06625 1.65 0.1043666666669109
    vertex 0.06625 1.8 0.1043666666669109
  endloop
endfacet
facet normal 1 0 0
  outer loop
    vertex 0.06625 1.65 0.1500000000003633
    vertex 0.06625 1.8 0.1043666666669109
    vertex 0.06625 1.8 0.1500000000003633
  endloop
endfacet
facet normal 1 0 0
  outer loop
    vertex 0.06625 1.8 0.1500000000003633
    vertex 0.06625 1.8 0.1043666666669109
    vertex 0.06625 1.95 0.1043666666669109
  endloop
endfacet
facet normal 1 0 0
  outer loop
    vertex 0.06625 1.8 0.1500000000003633
    vertex 0.06625 1.95 0.1043666666669109
    vertex 0.06625 1.95 0.1500000000003633
  endloop
endfacet
facet normal 1 0 0
  outer loop
    vertex 0.06625 1.95 0.1500000000003633
    vertex 0.06625 1.95 0.1043666666669109
    vertex 0.06625 2.1 0.1043666666669109
  endloop
endfacet
facet normal 1 0 0
  outer loop
    vertex 0.06625 1.95 0.1500000000003633
    vertex 0.06625 2.1 0.1043666666669109
    vertex 0.06625 2.1 0.1500000000003633
  endloop
endfacet
facet normal 1 0 0
  outer loop
    vertex 0.06625 2.1 0.1500000000003633
    vertex 0.06625 2.1 0.1043666666669109
    vertex 0.06625 2.25 0.1043666666669109
  endloop
endfacet
facet normal 1 0 0
  outer loop
    vertex 0.06625 2.1 0.1500000000003633
    vertex 0.06625 2.25 0.1043666666669109
    vertex 0.06625 2.25 0.1500000000003633
  endloop
endfacet
facet normal 1 0 0
  outer loop
    vertex 0.06625 2.25 0.1500000000003633
    vertex 0.06625 2.25 0.1043666666669109
    vertex 0.06625 2.4 0.1043666666669109
  endloop
endfacet
facet normal 1 0 0
  outer loop
    vertex 0.06625 2.25 0.1500000000003633
    vertex 0.06625 2.4 0.1043666666669109
    vertex 0.06625 2.4 0.1500000000003633
  endloop
endfacet
facet normal 1 0 0
  outer loop
    vertex 0.06625 2.4 0.1500000000003633
    vertex 0.06625 2.4 0.1043666666669109
    vertex 0.06625 2.55 0.1043666666669109
  endloop
endfacet
facet normal 1 0 0
  outer loop
    vertex 0.06625 2.4 0.1500000000003633
    vertex 0.06625 2.55 0.1043666666669109
    vertex 0.06625 2.55 0.1500000000003633
  endloop
endfacet
facet normal 1 0 0
  outer loop
    vertex 0.06625 2.55 0.1500000000003633
    vertex 0.06625 2.55 0.1043666666669109
    vertex 0.06625 2.7 0.1043666666669109
  endloop
endfacet
facet normal 1 0 0
  outer loop
    vertex 0.06625 2.55 0.1500000000003633
    vertex 0.06625 2.7 0.1043666666669109
    vertex 0.06625 2.7 0.1500000000003633
  endloop
endfacet
facet normal 1 0 0
  outer loop
    vertex 0.06625 2.7 0.1500000000003633
    vertex 0.06625 2.7 0.1043666666669109
    vertex 0.06625 2.85 0.1043666666669109
  endloop
endfacet
facet normal 1 0 0
  outer loop
    vertex 0.06625 2.7 0.1500000000003633
    vertex 0.06625 2.85 0.1043666666669109
    vertex 0.06625 2.85 0.1500000000003633
  endloop
endfacet
facet normal 1 0 0
  outer loop
    vertex 0.06625 2.85 0.1500000000003633
    vertex 0.06625 2.85 0.1043666666669109
    vertex 0.06625 3 0.1043666666669109
  endloop
endfacet
facet normal 1 0 0
  outer loop
    vertex 0.06625 2.85 0.1500000000003633
    vertex 0.06625 3 0.1043666666669109
    vertex 0.06625 3 0.1500000000003633
  endloop
endfacet
facet normal 1 0 0
  outer loop
    vertex 0.06625 0 0.1043666666669109
    vertex 0.06625 0 0.05873333333343647
    vertex 0.06625 0.15 0.05873333333343647
  endloop
endfacet
facet normal 1 0 0
  outer loop
    vertex 0.06625 0 0.1043666666669109
    vertex 0.06625 0.15 0.05873333333343647
    vertex 0.06625 0.15 0.1043666666669109
  endloop
endfacet
facet normal 1 0 0
  outer loop
    vertex 0.06625 0.15 0.1043666666669109
    vertex 0.06625 0.15 0.05873333333343647
    vertex 0.06625 0.3 0.05873333333343647
  endloop
endfacet
facet normal 1 0 0
  outer loop
    vertex 0.06625 0.15 0.1043666666669109
    vertex 0.06625 0.3 0.05873333333343647
    vertex 0.06625 0.3 0.1043666666669109
  endloop
endfacet
facet normal 1 0 0
  outer loop
    vertex 0.06625 0.3 0.1043666666669109
    vertex 0.06625 0.3 0.05873333333343647
    vertex 0.06625 0.45 0.05873333333343647
  endloop
endfacet
facet normal 1 0 0
  outer loop
    vertex 0.06625 0.3 0.1043666666669109
    vertex 0.06625 0.45 0.05873333333343647
    vertex 0.06625 0.45 0.1043666666669109
  endloop
endfacet
facet normal 1 0 0
  outer loop
    vertex 0.06625 0.45 0.1043666666669109
    vertex 0.06625 0.45 0.05873333333343647
    vertex 0.06625 0.6000000000000001 0.05873333333343647
  endloop
endfacet
facet normal 1 0 0
  outer loop
    vertex 0.06625 0.45 0.1043666666669109
    vertex 0.06625 0.6000000000000001 0.05873333333343647
    vertex 0.06625 0.6000000000000001 0.1043666666669109
  endloop
endfacet
facet normal 1 0 0
  outer loop
    vertex 0.06625 0.6000000000000001 0.1043666666669109
    vertex 0.06625 0.6000000000000001 0.05873333333343647
    vertex 0.06625 0.75 0.05873333333343647
  endloop
endfacet
facet normal 1 0 0
  outer loop
    vertex 0.06625 0.6000000000000001 0.1043666666669109
    vertex 0.06625 0.75 0.05873333333343647
    vertex 0.06625 0.75 0.1043666666669109
  endloop
endfacet
facet normal 1 0 0
  outer loop
    vertex 0.06625 0.75 0.1043666666669109
    vertex 0.06625 0.75 0.05873333333343647
    vertex 0.06625 0.8999999999999999 0.05873333333343647
  endloop
endfacet
facet normal 1 0 0
  outer loop
    vertex 0.06625 0.75 0.1043666666669109
    vertex 0.06625 0.8999999999999999 0.05873333333343647
    vertex 0.06625 0.8999999999999999 0.1043666666669109
  endloop
endfacet
facet normal 1 0 0
  outer loop
    vertex 0.06625 0.8999999999999999 0.1043666666669109
    vertex 0.06625 0.8999999999999999 0.05873333333343647
    vertex 0.06625 1.05 0.05873333333343647
  endloop
endfacet
facet normal 1 0 0
  outer loop
    vertex 0.06625 0.8999999999999999 0.1043666666669109
    vertex 0.06625 1.05 0.05873333333343647
    vertex 0.06625 1.05 0.1043666666669109
  endloop
endfacet
facet normal 1 0 0
  outer loop
    vertex 0.06625 1.05 0.1043666666669109
    vertex 0.06625 1.05 0.05873333333343647
    vertex 0.06625 1.2 0.05873333333343647
  endloop
endfacet
facet normal 1 0 0
  outer loop
    vertex 0.06625 1.05 0.1043666666669109
    vertex 0.06625 1.2 0.05873333333343647
    vertex 0.06625 1.2 0.1043666666669109
  endloop
endfacet
facet normal 1 0 0
  outer loop
    vertex 0.06625 1.2 0.1043666666669109
    vertex 0.06625 1.2 0.05873333333343647
    vertex 0.06625 1.35 0.05873333333343647
  endloop
endfacet
facet normal 1 0 0
  outer loop
    vertex 0.06625 1.2 0.1043666666669109
    vertex 0.06625 1.35 0.05873333333343647
    vertex 0.06625 1.35 0.1043666666669109
  endloop
endfacet
facet normal 1 0 0
  outer loop
    vertex 0.06625 1.35 0.1043666666669109
    vertex 0.06625 1.35 0.05873333333343647
    vertex 0.06625 1.5 0.05873333333343647
  endloop
endfacet
facet normal 1 0 0
  outer loop
    vertex 0.06625 1.35 0.1043666666669109
    vertex 0.06625 1.5 0.05873333333343647
    vertex 0.06625 1.5 0.1043666666669109
  endloop
endfacet
facet normal 1 0 0
  outer loop
    vertex 0.06625 1.5 0.1043666666669109
    vertex 0.06625 1.5 0.05873333333343647
    vertex 0.06625 1.65 0.05873333333343647
  endloop
endfacet
facet normal 1 0 0
  outer loop
    vertex 0.06625 1.5 0.1043666666669109
    vertex 0.06625 1.65 0.05873333333343647
    vertex 0.06625 1.65 0.1043666666669109
  endloop
endfacet
facet normal 1 0 0
  outer loop
    vertex 0.06625 1.65 0.1043666666669109
    vertex 0.06625 1.65 0.05873333333343647
    vertex 0.06625 1.8 0.05873333333343647
  endloop
endfacet
facet normal 1 0 0
  outer loop
    vertex 0.06625 1.65 0.1043666666669109
    vertex 0.06625 1.8 0.05873333333343647
    vertex 0.06625 1.8 0.1043666666669109
  endloop
endfacet
facet normal 1 0 0
  outer loop
    vertex 0.06625 1.8 0.1043666666669109
    vertex 0.06625 1.8 0.05873333333343647
    vertex 0.06625 1.95 0.05873333333343647
  endloop
endfacet
facet normal 1 0 0
  outer loop
    vertex 0.06625 1.8 0.1043666666669109
    vertex 0.06625 1.95 0.05873333333343647
    vertex 0.06625 1.95 0.1043666666669109
  endloop
endfacet
facet normal 1 0 0
  outer loop
    vertex 0.06625 1.95 0.1043666666669109
    vertex 0.06625 1.95 0.05873333333343647
    vertex 0.06625 2.1 0.05873333333343647
  endloop
endfacet
facet normal 1 0 0
  outer loop
    vertex 0.06625 1.95 0.1043666666669109
    vertex 0.06625 2.1 0.05873333333343647
    vertex 0.06625 2.1 0.1043666666669109
  endloop
endfacet
facet normal 1 0 0
  outer loop
    vertex 0.06625 2.1 0.1043666666669109
    vertex 0.06625 2.1 0.05873333333343647
    vertex 0.06625 2.25 0.05873333333343647
  endloop
endfacet
facet normal 1 0 0
  outer loop
    vertex 0.06625 2.1 0.1043666666669109
    vertex 0.06625 2.25 0.05873333333343647
    vertex 0.06625 2.25 0.1043666666669109
  endloop
endfacet
facet normal 1 0 0
  outer loop
    vertex 0.06625 2.25 0.1043666666669109
    vertex 0.06625 2.25 0.05873333333343647
    vertex 0.06625 2.4 0.05873333333343647
  endloop
endfacet
facet normal 1 0 0
  outer loop
    vertex 0.06625 2.25 0.1043666666669109
    vertex 0.06625 2.4 0.05873333333343647
    vertex 0.06625 2.4 0.1043666666669109
  endloop
endfacet
facet normal 1 0 0
  outer loop
    vertex 0.06625 2.4 0.1043666666669109
    vertex 0.06625 2.4 0.05873333333343647
    vertex 0.06625 2.55 0.05873333333343647
  endloop
endfacet
facet normal 1 0 0
  outer loop
    vertex 0.06625 2.4 0.1043666666669109
    vertex 0.06625 2.55 0.05873333333343647
    vertex 0.06625 2.55 0.1043666666669109
  endloop
endfacet
facet normal 1 0 0
  outer loop
    vertex 0.06625 2.55 0.1043666666669109
    vertex 0.06625 2.55 0.05873333333343647
    vertex 0.06625 2.7 0.05873333333343647
  endloop
endfacet
facet normal 1 0 0
  outer loop
    vertex 0.06625 2.55 0.1043666666669109
    vertex 0.06625 2.7 0.05873333333343647
    vertex 0.06625 2.7 0.1043666666669109
  endloop
endfacet
facet normal 1 0 0
  outer loop
    vertex 0.06625 2.7 0.1043666666669109
    vertex 0.06625 2.7 0.05873333333343647
    vertex 0.06625 2.85 0.05873333333343647
  endloop
endfacet
facet normal 1 0 0
  outer loop
    vertex 0.06625 2.7 0.1043666666669109
    vertex 0.06625 2.85 0.05873333333343647
    vertex 0.06625 2.85 0.1043666666669109
  endloop
endfacet
facet normal 1 0 0
  outer loop
    vertex 0.06625 2.85 0.1043666666669109
    vertex 0.06625 2.85 0.05873333333343647
    vertex 0.06625 3 0.05873333333343647
  endloop
endfacet
facet normal 1 0 0
  outer loop
    vertex 0.06625 2.85 0.1043666666669109
    vertex 0.06625 3 0.05873333333343647
    vertex 0.06625 3 0.1043666666669109
  endloop
endfacet
facet normal 1 0 0
  outer loop
    vertex 0.06625 0 0.05873333333343647
    vertex 0.06625 0 0.0131
    vertex 0.06625 0.15 0.0131
  endloop
endfacet
facet normal 1 0 0
  outer loop
    vertex 0.06625 0 0.05873333333343647
    vertex 0.06625 0.15 0.0131
    vertex 0.06625 0.15 0.05873333333343647
  endloop
endfacet
facet normal 1 0 0
  outer loop
    vertex 0.06625 0.15 0.05873333333343647
    vertex 0.06625 0.15 0.0131
    vertex 0.06625 0.3 0.0131
  endloop
endfacet
facet normal 1 0 0
  outer loop
    vertex 0.06625 0.15 0.05873333333343647
    vertex 0.06625 0.3 0.0131
    vertex 0.06625 0.3 0.05873333333343647
  endloop
endfacet
facet normal 1 0 0
  outer loop
    vertex 0.06625 0.3 0.05873333333343647
    vertex 0.06625 0.3 0.0131
    vertex 0.06625 0.45 0.0131
  endloop
endfacet
facet normal 1 0 0
  outer loop
    vertex 0.06625 0.3 0.05873333333343647
    vertex 0.06625 0.45 0.0131
    vertex 0.06625 0.45 0.05873333333343647
  endloop
endfacet
facet normal 1 0 0
  outer loop
    vertex 0.06625 0.45 0.05873333333343647
    vertex 0.06625 0.45 0.0131
    vertex 0.06625 0.6000000000000001 0.0131
  endloop
endfacet
facet normal 1 0 0
  outer loop
    vertex 0.06625 0.45 0.05873333333343647
    vertex 0.06625 0.6000000000000001 0.0131
    vertex 0.06625 0.6000000000000001 0.05873333333343647
  endloop
endfacet
facet normal 1 0 0
  outer loop
    vertex 0.06625 0.6000000000000001 0.05873333333343647
    vertex 0.06625 0.6000000000000001 0.0131
    vertex 0.06625 0.75 0.0131
  endloop
endfacet
facet normal 1 0 0
  outer loop
    vertex 0.06625 0.6000000000000001 0.05873333333343647
    vertex 0.06625 0.75 0.0131
    vertex 0.06625 0.75 0.05873333333343647
  endloop
endfacet
facet normal 1 0 0
  outer loop
    vertex 0.06625 0.75 0.05873333333343647
    vertex 0.06625 0.75 0.0131
    vertex 0.06625 0.8999999999999999 0.0131
  endloop
endfacet
facet normal 1 0 0
  outer loop
    vertex 0.06625 0.75 0.05873333333343647
    vertex 0.06625 0.8999999999999999 0.0131
    vertex 0.06625 0.8999999999999999 0.05873333333343647
  endloop
endfacet
facet normal 1 0 0
  outer loop
    vertex 0.06625 0.8999999999999999 0.05873333333343647
    vertex 0.06625 0.8999999999999999 0.0131
    vertex 0.06625 1.05 0.0131
  endloop
endfacet
facet normal 1 0 0
  outer loop
    vertex 0.06625 0.8999999999999999 0.05873333333343647
    vertex 0.06625 1.05 0.0131
    vertex 0.06625 1.05 0.05873333333343647
  endloop
endfacet
facet normal 1 0 0
  outer loop
    vertex 0.06625 1.05 0.05873333333343647
    vertex 0.06625 1.05 0.0131
    vertex 0.06625 1.2 0.0131
  endloop
endfacet
facet normal 1 0 0
  outer loop
    vertex 0.06625 1.05 0.05873333333343647
    vertex 0.06625 1.2 0.0131
    vertex 0.06625 1.2 0.05873333333343647
  endloop
endfacet
facet normal 1 0 0
  outer loop
    vertex 0.06625 1.2 0.05873333333343647
    vertex 0.06625 1.2 0.0131
    vertex 0.06625 1.35 0.0131
  endloop
endfacet
facet normal 1 0 0
  outer loop
    vertex 0.06625 1.2 0.05873333333343647
    vertex 0.06625 1.35 0.0131
    vertex 0.06625 1.35 0.05873333333343647
  endloop
endfacet
facet normal 1 0 0
  outer loop
    vertex 0.06625 1.35 0.05873333333343647
    vertex 0.06625 1.35 0.0131
    vertex 0.06625 1.5 0.0131
  endloop
endfacet
facet normal 1 0 0
  outer loop
    vertex 0.06625 1.35 0.05873333333343647
    vertex 0.06625 1.5 0.0131
    vertex 0.06625 1.5 0.05873333333343647
  endloop
endfacet
facet normal 1 0 0
  outer loop
    vertex 0.06625 1.5 0.05873333333343647
    vertex 0.06625 1.5 0.0131
    vertex 0.06625 1.65 0.0131
  endloop
endfacet
facet normal 1 0 0
  outer loop
    vertex 0.06625 1.5 0.05873333333343647
    vertex 0.06625 1.65 0.0131
    vertex 0.06625 1.65 0.05873333333343647
  endloop
endfacet
facet normal 1 0 0
  outer loop
    vertex 0.06625 1.65 0.05873333333343647
    vertex 0.06625 1.65 0.0131
    vertex 0.06625 1.8 0.0131
  endloop
endfacet
facet normal 1 0 0
  outer loop
    vertex 0.06625 1.65 0.05873333333343647
    vertex 0.06625 1.8 0.0131
    vertex 0.06625 1.8 0.05873333333343647
  endloop
endfacet
facet normal 1 0 0
  outer loop
    vertex 0.06625 1.8 0.05873333333343647
    vertex 0.06625 1.8 0.0131
    vertex 0.06625 1.95 0.0131
  endloop
endfacet
facet normal 1 0 0
  outer loop
    vertex 0.06625 1.8 0.05873333333343647
    vertex 0.06625 1.95 0.0131
    vertex 0.06625 1.95 0.05873333333343647
  endloop
endfacet
facet normal 1 0 0
  outer loop
    vertex 0.06625 1.95 0.05873333333343647
    vertex 0.06625 1.95 0.0131
    vertex 0.06625 2.1 0.0131
  endloop
endfacet
facet normal 1 0 0
  outer loop
    vertex 0.06625 1.95 0.05873333333343647
    vertex 0.06625 2.1 0.0131
    vertex 0.06625 2.1 0.05873333333343647
  endloop
endfacet
facet normal 1 0 0
  outer loop
    vertex 0.06625 2.1 0.05873333333343647
    vertex 0.06625 2.1 0.0131
    vertex 0.06625 2.25 0.0131
  endloop
endfacet
facet normal 1 0 0
  outer loop
    vertex 0.06625 2.1 0.05873333333343647
    vertex 0.06625 2.25 0.0131
    vertex 0.06625 2.25 0.05873333333343647
  endloop
endfacet
facet normal 1 0 0
  outer loop
    vertex 0.06625 2.25 0.05873333333343647
    vertex 0.06625 2.25 0.0131
    vertex 0.06625 2.4 0.0131
  endloop
endfacet
facet normal 1 0 0
  outer loop
    vertex 0.06625 2.25 0.05873333333343647
    vertex 0.06625 2.4 0.0131
    vertex 0.06625 2.4 0.05873333333343647
  endloop
endfacet
facet normal 1 0 0
  outer loop
    vertex 0.06625 2.4 0.05873333333343647
    vertex 0.06625 2.4 0.0131
    vertex 0.06625 2.55 0.0131
  endloop
endfacet
facet normal 1 0 0
  outer loop
    vertex 0.06625 2.4 0.05873333333343647
    vertex 0.06625 2.55 0.0131
    vertex 0.06625 2.55 0.05873333333343647
  endloop
endfacet
facet normal 1 0 0
  outer loop
    vertex 0.06625 2.55 0.05873333333343647
    vertex 0.06625 2.55 0.0131
    vertex 0.06625 2.7 0.0131
  endloop
endfacet
facet normal 1 0 0
  outer loop
    vertex 0.06625 2.55 0.05873333333343647
    vertex 0.06625 2.7 0.0131
    vertex 0.06625 2.7 0.05873333333343647
  endloop
endfacet
facet normal 1 0 0
  outer loop
    vertex 0.06625 2.7 0.05873333333343647
    vertex 0.06625 2.7 0.0131
    vertex 0.06625 2.85 0.0131
  endloop
endfacet
facet normal 1 0 0
  outer loop
    vertex 0.06625 2.7 0.05873333333343647
    vertex 0.06625 2.85 0.0131
    vertex 0.06625 2.85 0.05873333333343647
  endloop
endfacet
facet normal 1 0 0
  outer loop
    vertex 0.06625 2.85 0.05873333333343647
    vertex 0.06625 2.85 0.0131
    vertex 0.06625 3 0.0131
  endloop
endfacet
facet normal 1 0 0
  outer loop
    vertex 0.06625 2.85 0.05873333333343647
    vertex 0.06625 3 0.0131
    vertex 0.06625 3 0.05873333333343647
  endloop
endfacet
facet normal 0 0 -1
  outer loop
    vertex 0.06625 0 0.0131
    vertex 0.03312500000009622 0 0.0131
    vertex 0.03312500000009622 0.15 0.0131
  endloop
endfacet
facet normal 0 0 -1
  outer loop
    vertex 0.06625 0 0.0131
    vertex 0.03312500000009622 0.15 0.0131
    vertex 0.06625 0.15 0.0131
  endloop
endfacet
facet normal 0 0 -1
  outer loop
    vertex 0.06625 0.15 0.0131
    vertex 0.03312500000009622 0.15 0.0131
    vertex 0.03312500000009622 0.3 0.0131
  endloop
endfacet
facet normal 0 0 -1
  outer loop
    vertex 0.06625 0.15 0.0131
    vertex 0.03312500000009622 0.3 0.0131
    vertex 0.06625 0.3 0.0131
  endloop
endfacet
facet normal 0 0 -1
  outer loop
    vertex 0.06625 0.3 0.0131
    vertex 0.03312500000009622 0.3 0.0131
    vertex 0.03312500000009622 0.45 0.0131
  endloop
endfacet
facet normal 0 0 -1
  outer loop
    vertex 0.06625 0.3 0.0131
    vertex 0.03312500000009622 0.45 0.0131
    vertex 0.06625 0.45 0.0131
  endloop
endfacet
facet normal 0 0 -1
  outer loop
    vertex 0.06625 0.45 0.0131
    vertex 0.03312500000009622 0.45 0.0131
    vertex 0.03312500000009622 0.6000000000000001 0.0131
  endloop
endfacet
facet normal 0 0 -1
  outer loop
    vertex 0.06625 0.45 0.0131
    vertex 0.03312500000009622 0.6000000000000001 0.0131
    vertex 0.06625 0.6000000000000001 0.0131
  endloop
endfacet
facet normal 0 0 -1
  outer loop
    vertex 0.06625 0.6000000000000001 0.0131
    vertex 0.03312500000009622 0.6000000000000001 0.0131
    vertex 0.03312500000009622 0.75 0.0131
  endloop
endfacet
facet normal 0 0 -1
  outer loop
    vertex 0.06625 0.6000000000000001 0.0131
    vertex 0.03312500000009622 0.75 0.0131
    vertex 0.06625 0.75 0.0131
  endloop
endfacet
facet normal 0 0 -1
  outer loop
    vertex 0.06625 0.75 0.0131
    vertex 0.03312500000009622 0.75 0.0131
    vertex 0.03312500000009622 0.8999999999999999 0.0131
  endloop
endfacet
facet normal 0 0 -1
  outer loop
    vertex 0.06625 0.75 0.0131
    vertex 0.03312500000009622 0.8999999999999999 0.0131
    vertex 0.06625 0.8999999999999999 0.0131
  endloop
endfacet
facet normal 0 0 -1
  outer loop
    vertex 0.06625 0.8999999999999999 0.0131
    vertex 0.03312500000009622 0.8999999999999999 0.0131
    vertex 0.03312500000009622 1.05 0.0131
  endloop
endfacet
facet normal 0 0 -1
  outer loop
    vertex 0.06625 0.8999999999999999 0.0131
    vertex 0.03312500000009622 1.05 0.0131
    vertex 0.06625 1.05 0.0131
  endloop
endfacet
facet normal 0 0 -1
  outer loop
    vertex 0.06625 1.05 0.0131
    vertex 0.03312500000009622 1.05 0.0131
    vertex 0.03312500000009622 1.2 0.0131
  endloop
endfacet
facet normal 0 0 -1
  outer loop
    vertex 0.06625 1.05 0.0131
    vertex 0.03312500000009622 1.2 0.0131
    vertex 0.06625 1.2 0.0131
  endloop
endfacet
facet normal 0 0 -1
  outer loop
    vertex 0.06625 1.2 0.0131
    vertex 0.03312500000009622 1.2 0.0131
    vertex 0.03312500000009622 1.35 0.0131
  endloop
endfacet
facet normal 0 0 -1
  outer loop
    vertex 0.06625 1.2 0.0131
    vertex 0.03312500000009622 1.35 0.0131
    vertex 0.06625 1.35 0.0131
  endloop
endfacet
facet normal 0 0 -1
  outer loop
    vertex 0.06625 1.35 0.0131
    vertex 0.03312500000009622 1.35 0.0131
    vertex 0.03312500000009622 1.5 0.0131
  endloop
endfacet
facet normal 0 0 -1
  outer loop
    vertex 0.06625 1.35 0.0131
    vertex 0.03312500000009622 1.5 0.0131
    vertex 0.06625 1.5 0.0131
  endloop
endfacet
facet normal 0 0 -1
  outer loop
    vertex 0.06625 1.5 0.0131
    vertex 0.03312500000009622 1.5 0.0131
    vertex 0.03312500000009622 1.65 0.0131
  endloop
endfacet
facet normal 0 0 -1
  outer loop
    vertex 0.06625 1.5 0.0131
    vertex 0.03312500000009622 1.65 0.0131
    vertex 0.06625 1.65 0.0131
  endloop
endfacet
facet normal 0 0 -1
  outer loop
    vertex 0.06625 1.65 0.0131
    vertex 0.03312500000009622 1.65 0.0131
    vertex 0.03312500000009622 1.8 0.0131
  endloop
endfacet
facet normal 0 0 -1
  outer loop
    vertex 0.06625 1.65 0.0131
    vertex 0.03312500000009622 1.8 0.0131
    vertex 0.06625 1.8 0.0131
  endloop
endfacet
facet normal 0 0 -1
  outer loop
    vertex 0.06625 1.8 0.0131
    vertex 0.03312500000009622 1.8 0.0131
    vertex 0.03312500000009622 1.95 0.0131
  endloop
endfacet
facet normal 0 0 -1
  outer loop
    vertex 0.06625 1.8 0.0131
    vertex 0.03312500000009622 1.95 0.0131
    vertex 0.06625 1.95 0.0131
  endloop
endfacet
facet normal 0 0 -1
  outer loop
    vertex 0.06625 1.95 0.0131
    vertex 0.03312500000009622 1.95 0.0131
    vertex 0.03312500000009622 2.1 0.0131
  endloop
endfacet
facet normal 0 0 -1
  outer loop
    vertex 0.06625 1.95 0.0131
    vertex 0.03312500000009622 2.1 0.0131
    vertex 0.06625 2.1 0.0131
  endloop
endfacet
facet normal 0 0 -1
  outer loop
    vertex 0.06625 2.1 0.0131
    vertex 0.03312500000009622 2.1 0.0131
    vertex 0.03312500000009622 2.25 0.0131
  endloop
endfacet
facet normal 0 0 -1
  outer loop
    vertex 0.06625 2.1 0.0131
    vertex 0.03312500000009622 2.25 0.0131
    vertex 0.06625 2.25 0.0131
  endloop
endfacet
facet normal 0 0 -1
  outer loop
    vertex 0.06625 2.25 0.0131
    vertex 0.03312500000009622 2.25 0.0131
    vertex 0.03312500000009622 2.4 0.0131
  endloop
endfacet
facet normal 0 0 -1
  outer loop
    vertex 0.06625 2.25 0.0131
    vertex 0.03312500000009622 2.4 0.0131
    vertex 0.06625 2.4 0.0131
  endloop
endfacet
facet normal 0 0 -1
  outer loop
    vertex 0.06625 2.4 0.0131
    vertex 0.03312500000009622 2.4 0.0131
    vertex 0.03312500000009622 2.55 0.0131
  endloop
endfacet
facet normal 0 0 -1
  outer loop
    vertex 0.06625 2.4 0.0131
    vertex 0.03312500000009622 2.55 0.0131
    vertex 0.06625 2.55 0.0131
  endloop
endfacet
facet normal 0 0 -1
  outer loop
    vertex 0.06625 2.55 0.0131
    vertex 0.03312500000009622 2.55 0.0131
    vertex 0.03312500000009622 2.7 0.0131
  endloop
endfacet
facet normal 0 0 -1
  outer loop
    vertex 0.06625 2.55 0.0131
    vertex 0.03312500000009622 2.7 0.0131
    vertex 0.06625 2.7 0.0131
  endloop
endfacet
facet normal 0 0 -1
  outer loop
    vertex 0.06625 2.7 0.0131
    vertex 0.03312500000009622 2.7 0.0131
    vertex 0.03312500000009622 2.85 0.0131
  endloop
endfacet
facet normal 0 0 -1
  outer loop
    vertex 0.06625 2.7 0.0131
    vertex 0.03312500000009622 2.85 0.0131
    vertex 0.06625 2.85 0.0131
  endloop
endfacet
facet normal 0 0 -1
  outer loop
    vertex 0.06625 2.85 0.0131
    vertex 0.03312500000009622 2.85 0.0131
    vertex 0.03312500000009622 3 0.0131
  endloop
endfacet
facet normal 0 0 -1
  outer loop
    vertex 0.06625 2.85 0.0131
    vertex 0.03312500000009622 3 0.0131
    vertex 0.06625 3 0.0131
  endloop
endfacet
facet normal 0 0 -1
  outer loop
    vertex 0.03312500000009622 0 0.0131
    vertex 0 0 0.0131
    vertex 0 0.15 0.0131
  endloop
endfacet
facet normal 0 0 -1
  outer loop
    vertex 0.03312500000009622 0 0.0131
    vertex 0 0.15 0.0131
    vertex 0.03312500000009622 0.15 0.0131
  endloop
endfacet
facet normal 0 0 -1
  outer loop
    vertex 0.03312500000009622 0.15 0.0131
    vertex 0 0.15 0.0131
    vertex 0 0.3 0.0131
  endloop
endfacet
facet normal 0 0 -1
  outer loop
    vertex 0.03312500000009622 0.15 0.0131
    vertex 0 0.3 0.0131
    vertex 0.03312500000009622 0.3 0.0131
  endloop
endfacet
facet normal 0 0 -1
  outer loop
    vertex 0.03312500000009622 0.3 0.0131
    vertex 0 0.3 0.0131
    vertex 0 0.45 0.0131
  endloop
endfacet
facet normal 0 0 -1
  outer loop
    vertex 0.03312500000009622 0.3 0.0131
    vertex 0 0.45 0.0131
    vertex 0.03312500000009622 0.45 0.0131
  endloop
endfacet
facet normal 0 0 -1
  outer loop
    vertex 0.03312500000009622 0.45 0.0131
    vertex 0 0.45 0.0131
    vertex 0 0.6000000000000001 0.0131
  endloop
endfacet
facet normal 0 0 -1
  outer loop
    vertex 0.03312500000009622 0.45 0.0131
    vertex 0 0.6000000000000001 0.0131
    vertex 0.03312500000009622 0.6000000000000001 0.0131
  endloop
endfacet
facet normal 0 0 -1
  outer loop
    vertex 0.03312500000009622 0.6000000000000001 0.0131
    vertex 0 0.6000000000000001 0.0131
    vertex 0 0.75 0.0131
  endloop
endfacet
facet normal 0 0 -1
  outer loop
    vertex 0.03312500000009622 0.6000000000000001 0.0131
    vertex 0 0.75 0.0131
    vertex 0.03312500000009622 0.75 0.0131
  endloop
endfacet
facet normal 0 0 -1
  outer loop
    vertex 0.03312500000009622 0.75 0.0131
    vertex 0 0.75 0.0131
    vertex 0 0.8999999999999999 0.0131
  endloop
endfacet
facet normal 0 0 -1
  outer loop
    vertex 0.03312500000009622 0.75 0.0131
    vertex 0 0.8999999999999999 0.0131
    vertex 0.03312500000009622 0.8999999999999999 0.0131
  endloop
endfacet
facet normal 0 0 -1
  outer loop
    vertex 0.03312500000009622 0.8999999999999999 0.0131
    vertex 0 0.8999999999999999 0.0131
    vertex 0 1.05 0.0131
  endloop
endfacet
facet normal 0 0 -1
  outer loop
    vertex 0.03312500000009622 0.8999999999999999 0.0131
    vertex 0 1.05 0.0131
    vertex 0.03312500000009622 1.05 0.0131
  endloop
endfacet
facet normal 0 0 -1
  outer loop
    vertex 0.03312500000009622 1.05 0.0131
    vertex 0 1.05 0.0131
    vertex 0 1.2 0.0131
  endloop
endfacet
facet normal 0 0 -1
  outer loop
    vertex 0.03312500000009622 1.05 0.0131
    vertex 0 1.2 0.0131
    vertex 0.03312500000009622 1.2 0.0131
  endloop
endfacet
facet normal 0 0 -1
  outer loop
    vertex 0.03312500000009622 1.2 0.0131
    vertex 0 1.2 0.0131
    vertex 0 1.35 0.0131
  endloop
endfacet
facet normal 0 0 -1
  outer loop
    vertex 0.03312500000009622 1.2 0.0131
    vertex 0 1.35 0.0131
    vertex 0.03312500000009622 1.35 0.0131
  endloop
endfacet
facet normal 0 0 -1
  outer loop
    vertex 0.03312500000009622 1.35 0.0131
    vertex 0 1.35 0.0131
    vertex 0 1.5 0.0131
  endloop
endfacet
facet normal 0 0 -1
  outer loop
    vertex 0.03312500000009622 1.35 0.0131
    vertex 0 1.5 0.0131
    vertex 0.03312500000009622 1.5 0.0131
  endloop
endfacet
facet normal 0 0 -1
  outer loop
    vertex 0.03312500000009622 1.5 0.0131
    vertex 0 1.5 0.0131
    vertex 0 1.65 0.0131
  endloop
endfacet
facet normal 0 0 -1
  outer loop
    vertex 0.03312500000009622 1.5 0.0131
    vertex 0 1.65 0.0131
    vertex 0.03312500000009622 1.65 0.0131
  endloop
endfacet
facet normal 0 0 -1
  outer loop
    vertex 0.03312500000009622 1.65 0.0131
    vertex 0 1.65 0.0131
    vertex 0 1.8 0.0131
  endloop
endfacet
facet normal 0 0 -1
  outer loop
    vertex 0.03312500000009622 1.65 0.0131
    vertex 0 1.8 0.0131
    vertex 0.03312500000009622 1.8 0.0131
  endloop
endfacet
facet normal 0 0 -1
  outer loop
    vertex 0.03312500000009622 1.8 0.0131
    vertex 0 1.8 0.0131
    vertex 0 1.95 0.0131
  endloop
endfacet
facet normal 0 0 -1
  outer loop
    vertex 0.03312500000009622 1.8 0.0131
    vertex 0 1.95 0.0131
    vertex 0.03312500000009622 1.95 0.0131
  endloop
endfacet
facet normal 0 0 -1
  outer loop
    vertex 0.03312500000009622 1.95 0.0131
    vertex 0 1.95 0.0131
    vertex 0 2.1 0.0131
  endloop
endfacet
facet normal 0 0 -1
  outer loop
    vertex 0.03312500000009622 1.95 0.0131
    vertex 0 2.1 0.0131
    vertex 0.03312500000009622 2.1 0.0131
  endloop
endfacet
facet normal 0 0 -1
  outer loop
    vertex 0.03312500000009622 2.1 0.0131
    vertex 0 2.1 0.0131
    vertex 0 2.25 0.0131
  endloop
endfacet
facet normal 0 0 -1
  outer loop
    vertex 0.03312500000009622 2.1 0.0131
    vertex 0 2.25 0.0131
    vertex 0.03312500000009622 2.25 0.0131
  endloop
endfacet
facet normal 0 0 -1
  outer loop
    vertex 0.03312500000009622 2.25 0.0131
    vertex 0 2.25 0.0131
    vertex 0 2.4 0.0131
  endloop
endfacet
facet normal 0 0 -1
  outer loop
    vertex 0.03312500000009622 2.25 0.0131
    vertex 0 2.4 0.0131
    vertex 0.03312500000009622 2.4 0.0131
  endloop
endfacet
facet normal 0 0 -1
  outer loop
    vertex 0.03312500000009622 2.4 0.0131
    vertex 0 2.4 0.0131
    vertex 0 2.55 0.0131
  endloop
endfacet
facet normal 0 0 -1
  outer loop
    vertex 0.03312500000009622 2.4 0.0131
    vertex 0 2.55 0.0131
    vertex 0.03312500000009622 2.55 0.0131
  endloop
endfacet
facet normal 0 0 -1
  outer loop
    vertex 0.03312500000009622 2.55 0.0131
    vertex 0 2.55 0.0131
    vertex 0 2.7 0.0131
  endloop
endfacet
facet normal 0 0 -1
  outer loop
    vertex 0.03312500000009622 2.55 0.0131
    vertex 0 2.7 0.0131
    vertex 0.03312500000009622 2.7 0.0131
  endloop
endfacet
facet normal 0 0 -1
  outer loop
    vertex 0.03312500000009622 2.7 0.0131
    vertex 0 2.7 0.0131
    vertex 0 2.85 0.0131
  endloop
endfacet
facet normal 0 0 -1
  outer loop
    vertex 0.03312500000009622 2.7 0.0131
    vertex 0 2.85 0.0131
    vertex 0.03312500000009622 2.85 0.0131
  endloop
endfacet
facet normal 0 0 -1
  outer loop
    vertex 0.03312500000009622 2.85 0.0131
    vertex 0 2.85 0.0131
    vertex 0 3 0.0131
  endloop
endfacet
facet normal 0 0 -1
  outer loop
    vertex 0.03312500000009622 2.85 0.0131
    vertex 0 3 0.0131
    vertex 0.03312500000009622 3 0.0131
  endloop
endfacet
facet normal 1 0 0
  outer loop
    vertex 0 0 0.0131
    vertex 0 0 0
    vertex 0 0.15 0
  endloop
endfacet
facet normal 1 0 0
  outer loop
    vertex 0 0 0.0131
    vertex 0 0.15 0
    vertex 0 0.15 0.0131
  endloop
endfacet
facet normal 1 0 0
  outer loop
    vertex 0 0.15 0.0131
    vertex 0 0.15 0
    vertex 0 0.3 0
  endloop
endfacet
facet normal 1 0 0
  outer loop
    vertex 0 0.15 0.0131
    vertex 0 0.3 0
    vertex 0 0.3 0.0131
  endloop
endfacet
facet normal 1 0 0
  outer loop
    vertex 0 0.3 0.0131
    vertex 0 0.3 0
    vertex 0 0.45 0
  endloop
endfacet
facet normal 1 0 0
  outer loop
    vertex 0 0.3 0.0131
    vertex 0 0.45 0
    vertex 0 0.45 0.0131
  endloop
endfacet
facet normal 1 0 0
  outer loop
    vertex 0 0.45 0.0131
    vertex 0 0.45 0
    vertex 0 0.6000000000000001 0
  endloop
endfacet
facet normal 1 0 0
  outer loop
    vertex 0 0.45 0.0131
    vertex 0 0.6000000000000001 0
    vertex 0 0.6000000000000001 0.0131
  endloop
endfacet
facet normal 1 0 0
  outer loop
    vertex 0 0.6000000000000001 0.0131
    vertex 0 0.6000000000000001 0
    vertex 0 0.75 0
  endloop
endfacet
facet normal 1 0 0
  outer loop
    vertex 0 0.6000000000000001 0.0131
    vertex 0 0.75 0
    vertex 0 0.75 0.0131
  endloop
endfacet
facet normal 1 0 0
  outer loop
    vertex 0 0.75 0.0131
    vertex 0 0.75 0
    vertex 0 0.8999999999999999 0
  endloop
endfacet
facet normal 1 0 0
  outer loop
    vertex 0 0.75 0.0131
    vertex 0 0.8999999999999999 0
    vertex 0 0.8999999999999999 0.0131
  endloop
endfacet
facet normal 1 0 0
  outer loop
    vertex 0 0.8999999999999999 0.0131
    vertex 0 0.8999999999999999 0
    vertex 0 1.05 0
  endloop
endfacet
facet normal 1 0 0
  outer loop
    vertex 0 0.8999999999999999 0.0131
    vertex 0 1.05 0
    vertex 0 1.05 0.0131
  endloop
endfacet
facet normal 1 0 0
  outer loop
    vertex 0 1.05 0.0131
    vertex 0 1.05 0
    vertex 0 1.2 0
  endloop
endfacet
facet normal 1 0 0
  outer loop
    vertex 0 1.05 0.0131
    vertex 0 1.2 0
    vertex 0 1.2 0.0131
  endloop
endfacet
facet normal 1 0 0
  outer loop
    vertex 0 1.2 0.0131
    vertex 0 1.2 0
    vertex 0 1.35 0
  endloop
endfacet
facet normal 1 0 0
  outer loop
    vertex 0 1.2 0.0131
    vertex 0 1.35 0
    vertex 0 1.35 0.0131
  endloop
endfacet
facet normal 1 0 0
  outer loop
    vertex 0 1.35 0.0131
    vertex 0 1.35 0
    vertex 0 1.5 0
  endloop
endfacet
facet normal 1 0 0
  outer loop
    vertex 0 1.35 0.0131
    vertex 0 1.5 0
    vertex 0 1.5 0.0131
  endloop
endfacet
facet normal 1 0 0
  outer loop
    vertex 0 1.5 0.0131
    vertex 0 1.5 0
    vertex 0 1.65 0
  endloop
endfacet
facet normal 1 0 0
  outer loop
    vertex 0 1.5 0.0131
    vertex 0 1.65 0
    vertex 0 1.65 0.0131
  endloop
endfacet
facet normal 1 0 0
  outer loop
    vertex 0 1.65 0.0131
    vertex 0 1.65 0
    vertex 0 1.8 0
  endloop
endfacet
facet normal 1 0 0
  outer loop
    vertex 0 1.65 0.0131
    vertex 0 1.8 0
    vertex 0 1.8 0.0131
  endloop
endfacet
facet normal 1 0 0
  outer loop
    vertex 0 1.8 0.0131
    vertex 0 1.8 0
    vertex 0 1.95 0
  endloop
endfacet
facet normal 1 0 0
  outer loop
    vertex 0 1.8 0.0131
    vertex 0 1.95 0
    vertex 0 1.95 0.0131
  endloop
endfacet
facet normal 1 0 0
  outer loop
    vertex 0 1.95 0.0131
    vertex 0 1.95 0
    vertex 0 2.1 0
  endloop
endfacet
facet normal 1 0 0
  outer loop
    vertex 0 1.95 0.0131
    vertex 0 2.1 0
    vertex 0 2.1 0.0131
  endloop
endfacet
facet normal 1 0 0
  outer loop
    vertex 0 2.1 0.0131
    vertex 0 2.1 0
    vertex 0 2.25 0
  endloop
endfacet
facet normal 1 0 0
  outer loop
    vertex 0 2.1 0.0131
    vertex 0 2.25 0
    vertex 0 2.25 0.0131
  endloop
endfacet
facet normal 1 0 0
  outer loop
    vertex 0 2.25 0.0131
    vertex 0 2.25 0
    vertex 0 2.4 0
  endloop
endfacet
facet normal 1 0 0
  outer loop
    vertex 0 2.25 0.0131
    vertex 0 2.4 0
    vertex 0 2.4 0.0131
  endloop
endfacet
facet normal 1 0 0
  outer loop
    vertex 0 2.4 0.0131
    vertex 0 2.4 0
    vertex 0 2.55 0
  endloop
endfacet
facet normal 1 0 0
  outer loop
    vertex 0 2.4 0.0131
    vertex 0 2.55 0
    vertex 0 2.55 0.0131
  endloop
endfacet
facet normal 1 0 0
  outer loop
    vertex 0 2.55 0.0131
    vertex 0 2.55 0
    vertex 0 2.7 0
  endloop
endfacet
facet normal 1 0 0
  outer loop
    vertex 0 2.55 0.0131
    vertex 0 2.7 0
    vertex 0 2.7 0.0131
  endloop
endfacet
facet normal 1 0 0
  outer loop
    vertex 0 2.7 0.0131
    vertex 0 2.7 0
    vertex 0 2.85 0
  endloop
endfacet
facet normal 1 0 0
  outer loop
    vertex 0 2.7 0.0131
    vertex 0 2.85 0
    vertex 0 2.85 0.0131
  endloop
endfacet
facet normal 1 0 0
  outer loop
    vertex 0 2.85 0.0131
    vertex 0 2.85 0
    vertex 0 3 0
  endloop
endfacet
facet normal 1 0 0
  outer loop
    vertex 0 2.85 0.0131
    vertex 0 3 0
    vertex 0 3 0.0131
  endloop
endfacet
facet normal 0 -1 0
  outer loop
    vertex 0.07375000000000001 3 0.2869
    vertex 0.04666666666679679 3 0.3
    vertex 0.06625 3 0.2869
  endloop
endfacet
facet normal 0 -1 0
  outer loop
    vertex 0.09333333333320473 3 0
    vertex 0.07375000000000001 3 0.0131
    vertex 0.06625 3 0.0131
  endloop
endfacet
facet normal 0 -1 0
  outer loop
    vertex 0 3 0
    vertex 0.03312500000009622 3 0.0131
    vertex 0 3 0.0131
  endloop
endfacet
facet normal 0 -1 -0
  outer loop
    vertex 0.03312500000009622 3 0.0131
    vertex 0 3 0
    vertex 0.04666666666655089 3 0
  endloop
endfacet
facet normal 0 -1 0
  outer loop
    vertex 0.14 3 0
    vertex 0.14 3 0.0131
    vertex 0.1068750000000894 3 0.0131
  endloop
endfacet
facet normal 0 -1 0
  outer loop
    vertex 0.09333333333320473 3 0
    vertex 0.14 3 0
    vertex 0.1068750000000894 3 0.0131
  endloop
endfacet
facet normal 0 -1 0
  outer loop
    vertex 0.07375000000000001 3 0.0131
    vertex 0.07375000000000001 3 0.05873333333323927
    vertex 0.06625 3 0.0131
  endloop
endfacet
facet normal 0 -1 0
  outer loop
    vertex 0.07375000000000001 3 0.0131
    vertex 0.09333333333320473 3 0
    vertex 0.1068750000000894 3 0.0131
  endloop
endfacet
facet normal 0 -1 0
  outer loop
    vertex 0.06625 3 0.2412666666667787
    vertex 0.07375000000000001 3 0.2869
    vertex 0.06625 3 0.2869
  endloop
endfacet
facet normal 0 -1 0
  outer loop
    vertex 0.07375000000000001 3 0.2412666666665694
    vertex 0.07375000000000001 3 0.2869
    vertex 0.06625 3 0.2412666666667787
  endloop
endfacet
facet normal 0 -1 -0
  outer loop
    vertex 0.09333333333344901 3 0.3
    vertex 0.07375000000000001 3 0.2869
    vertex 0.1068749999998971 3 0.2869
  endloop
endfacet
facet normal 0 -1 0
  outer loop
    vertex 0.07375000000000001 3 0.2869
    vertex 0.09333333333344901 3 0.3
    vertex 0.04666666666679679 3 0.3
  endloop
endfacet
facet normal 0 -1 0
  outer loop
    vertex 0.1068749999998971 3 0.2869
    vertex 0.14 3 0.2869
    vertex 0.14 3 0.3
  endloop
endfacet
facet normal 0 -1 0
  outer loop
    vertex 0.09333333333344901 3 0.3
    vertex 0.1068749999998971 3 0.2869
    vertex 0.14 3 0.3
  endloop
endfacet
facet normal 0 -1 0
  outer loop
    vertex 0.03312499999990979 3 0.2869
    vertex 0 3 0.3
    vertex 0 3 0.2869
  endloop
endfacet
facet normal 0 -1 0
  outer loop
    vertex 0.03312499999990979 3 0.2869
    vertex 0.04666666666679679 3 0.3
    vertex 0 3 0.3
  endloop
endfacet
facet normal 0 -1 -0
  outer loop
    vertex 0.04666666666679679 3 0.3
    vertex 0.03312499999990979 3 0.2869
    vertex 0.06625 3 0.2869
  endloop
endfacet
facet normal 0 -1 0
  outer loop
    vertex 0.04666666666655089 3 0
    vertex 0.09333333333320473 3 0
    vertex 0.06625 3 0.0131
  endloop
endfacet
facet normal 0 -1 0
  outer loop
    vertex 0.03312500000009622 3 0.0131
    vertex 0.04666666666655089 3 0
    vertex 0.06625 3 0.0131
  endloop
endfacet
facet normal 0 -1 0
  outer loop
    vertex 0.06625 3 0.0131
    vertex 0.07375000000000001 3 0.05873333333323927
    vertex 0.06625 3 0.05873333333343647
  endloop
endfacet
facet normal 0 -1 0
  outer loop
    vertex 0.07375000000000001 3 0.05873333333323927
    vertex 0.07375000000000001 3 0.1043666666664493
    vertex 0.06625 3 0.05873333333343647
  endloop
endfacet
facet normal 0 -1 0
  outer loop
    vertex 0.07375000000000001 3 0.1043666666664493
    vertex 0.07375000000000001 3 0.149999999999654
    vertex 0.06625 3 0.1043666666669109
  endloop
endfacet
facet normal -0 -1 0
  outer loop
    vertex 0.07375000000000001 3 0.1043666666664493
    vertex 0.06625 3 0.1043666666669109
    vertex 0.06625 3 0.05873333333343647
  endloop
endfacet
facet normal 0 -1 0
  outer loop
    vertex 0.07375000000000001 3 0.149999999999654
    vertex 0.07375000000000001 3 0.1956333333331007
    vertex 0.06625 3 0.1500000000003633
  endloop
endfacet
facet normal -0 -1 0
  outer loop
    vertex 0.07375000000000001 3 0.149999999999654
    vertex 0.06625 3 0.1500000000003633
    vertex 0.06625 3 0.1043666666669109
  endloop
endfacet
facet normal 0 -1 0
  outer loop
    vertex 0.07375000000000001 3 0.1956333333331007
    vertex 0.07375000000000001 3 0.2412666666665694
    vertex 0.06625 3 0.1956333333335792
  endloop
endfacet
facet normal -0 -1 0
  outer loop
    vertex 0.07375000000000001 3 0.1956333333331007
    vertex 0.06625 3 0.1956333333335792
    vertex 0.06625 3 0.1500000000003633
  endloop
endfacet
facet normal -0 -1 0
  outer loop
    vertex 0.07375000000000001 3 0.2412666666665694
    vertex 0.06625 3 0.2412666666667787
    vertex 0.06625 3 0.1956333333335792
  endloop
endfacet
endsolid Created by Gmsh
